Name,State,Constituency,Party,Gender,Education,Age,Participation in Debates,Private Member's Bills,Questions asked,Attendance,Notes
A. Chellakumar,Tamil Nadu,Krishnagiri,Indian National Congress,Male,Information Not Available,64,27,0,195,0.65,Data corresponds to the period from 01-06-2019 to 10-02-2024.
A. Ganeshamurthi,Tamil Nadu,Erode,Dravida Munnetra Kazhagam,Male,Graduate,76,30,1,276,0.7,Data corresponds to the period from 01-06-2019 to 10-02-2024.
A. M. Arif,Kerala,Alappuzha,Communist Party of India (Marxist),Male,Professional Graduate,59,113,1,244,0.89,Data corresponds to the period from 01-06-2019 to 10-02-2024.
A.K.P. Chinraj,Tamil Nadu,Namakkal,Dravida Munnetra Kazhagam,Male,Information Not Available,58,12,0,263,0.72,Data corresponds to the period from 01-06-2019 to 10-02-2024.
Abdul Khaleque,Assam,Barpeta,Indian National Congress,Male,Post Graduate,53,68,8,279,0.91,Data corresponds to the period from 01-06-2019 to 10-02-2024.
Abhishek Banerjee,West Bengal,Diamond Harbour,All India Trinamool Congress,Male,Post Graduate,36,2,0,84,0.15,Data corresponds to the period from 01-06-2019 to 10-02-2024.
Abu Hasem Khan Choudhury,West Bengal,Maldaha Dakshin,Indian National Congress,Male,Graduate,86,5,0,12,0.58,Data corresponds to the period from 01-06-2019 to 10-02-2024.
Abu Taher Khan,West Bengal,Murshidabad,All India Trinamool Congress,Male,Information Not Available,62,6,0,4,0.64,Data corresponds to the period from 01-06-2019 to 10-02-2024.
Achyutananda Samanta,Odisha,Kandhamal,Biju Janata Dal,Male,Doctorate,60,33,0,169,0.66,Data corresponds to the period from 01-06-2019 to 10-02-2024.
Adala Prabhakara Reddy,Andhra Pradesh,Nellore,Yuvajana Sramika Rythu Congress Party,Male,Inter/ Higher Secondary,75,2,0,232,0.58,Data corresponds to the period from 01-06-2019 to 10-02-2024.
Adhikari Deepak (Dev),West Bengal,Ghatal,All India Trinamool Congress,Male,Graduate,41,2,0,106,0.12,Data corresponds to the period from 01-06-2019 to 10-02-2024.
Adhir Ranjan Chowdhury,West Bengal,Baharampur,Indian National Congress,Male,Under Matric,67,233,5,69,0.89,Data corresponds to the period from 01-06-2019 to 10-02-2024.
Adoor Prakash,Kerala,Attingal (SC),Indian National Congress,Male,Professional Graduate,68,66,0,388,0.82,Data corresponds to the period from 01-06-2019 to 10-02-2024.
Afzal Ansari,Uttar Pradesh,Ghazipur,Bahujan Samaj Party,Male,Post Graduate,70,3,0,0,0.73,Data corresponds to the period from 01-06-2019 to 10-02-2024.
Agatha K. Sangma,Meghalaya,Tura,National Peoples Party,Female,Post Graduate,43,20,0,40,0.76,Data corresponds to the period from 01-06-2019 to 10-02-2024.
Ajay Kumar Mandal,Bihar,Bhagalpur,Janata Dal (United),Male,Under Matric,53,25,0,226,0.34,Data corresponds to the period from 01-06-2019 to 10-02-2024.
Ajay Nishad,Bihar,Muzaffarpur,Bharatiya Janata Party,Male,Graduate,57,34,0,184,0.93,Data corresponds to the period from 01-06-2019 to 10-02-2024.
Ajay Singh Dharmendra Deol,Punjab,Gurdaspur,Bharatiya Janata Party,Male,Information Not Available,66,0,0,4,0.17,Data corresponds to the period from 01-06-2019 to 10-02-2024.
Ajay Tamta,Uttarakhand,Almora,Bharatiya Janata Party,Male,Inter/ Higher Secondary,51,14,0,9,0.89,Data corresponds to the period from 01-06-2019 to 10-02-2024.
Akhilesh Yadav,Uttar Pradesh,Azamgarh,Samajwadi Party,Male,Post Graduate,50,5,0,0,0.32,Data corresponds to the period from 01-06-2019 to 10-02-2024.
Akshaibar Lal,Uttar Pradesh,Bahraich,Bharatiya Janata Party,Male,Matric,77,11,0,14,0.81,Data corresponds to the period from 01-06-2019 to 10-02-2024.
Alok Kumar Suman,Bihar,Gopalganj,Janata Dal (United),Male,Professional Graduate,66,104,15,270,0.97,Data corresponds to the period from 01-06-2019 to 10-02-2024.
Amar Singh,Punjab,Fatehgarh Sahib,Indian National Congress,Male,Professional Graduate,70,56,0,217,0.86,Data corresponds to the period from 01-06-2019 to 10-02-2024.
Amol Ramsing Kolhe,Maharashtra,Shirur,Nationalist Congress Party,Male,Professional Graduate,43,29,0,621,0.61,Data corresponds to the period from 01-06-2019 to 10-02-2024.
Anant Kumar Hegde,Karnataka,Uttara Kannada,Bharatiya Janata Party,Male,Inter/ Higher Secondary,55,0,0,18,0.67,Data corresponds to the period from 01-06-2019 to 10-02-2024.
Andimuthu Raja,Tamil Nadu,Nilgiris,Dravida Munnetra Kazhagam,Male,Post Graduate,60,43,2,271,0.73,Data corresponds to the period from 01-06-2019 to 10-02-2024.
Anil Firojiya,Madhya Pradesh,Ujjain,Bharatiya Janata Party,Male,Graduate,52,27,0,274,0.79,Data corresponds to the period from 01-06-2019 to 10-02-2024.
Annasaheb Shankar Jolle,Karnataka,Chikkodi,Bharatiya Janata Party,Male,Graduate,60,9,0,308,0.73,Data corresponds to the period from 01-06-2019 to 10-02-2024.
Anto Antony,Kerala,Pathanamthitta,Indian National Congress,Male,Graduate,66,61,2,386,0.82,Data corresponds to the period from 01-06-2019 to 10-02-2024.
Anubhav Mohanty,Odisha,Kendrapara,Biju Janata Dal,Male,Graduate,42,82,3,168,0.76,Data corresponds to the period from 01-06-2019 to 10-02-2024.
Anumula Revanth Reddy,Telangana,Malkajgiri,Indian National Congress,Male,Graduate,56,17,0,197,0.66,Data corresponds to the period from 01-06-2019 to 10-02-2024.
Anurag Sharma,Uttar Pradesh,Jhansi,Bharatiya Janata Party,Male,Post Graduate,59,46,1,348,0.87,Data corresponds to the period from 01-06-2019 to 10-02-2024.
Aparajita Sarangi,Odisha,Bhubaneswar,Bharatiya Janata Party,Female,Graduate,54,36,0,212,0.85,Data corresponds to the period from 01-06-2019 to 10-02-2024.
Aparupa Poddar (Afrin Ali),West Bengal,Arambagh,All India Trinamool Congress,Female,Post Graduate,38,96,6,147,0.77,Data corresponds to the period from 01-06-2019 to 10-02-2024.
Arjun Singh,West Bengal,Barrackpur,Bharatiya Janata Party,Male,Inter/ Higher Secondary,61,14,0,18,0.7,Data corresponds to the period from 01-06-2019 to 10-02-2024.
Arjunlal Meena,Rajasthan,Udaipur,Bharatiya Janata Party,Male,Post Graduate,59,39,0,262,0.81,Data corresponds to the period from 01-06-2019 to 10-02-2024.
Arun Kumar Sagar,Uttar Pradesh,Shahjahanpur,Bharatiya Janata Party,Male,Information Not Available,47,40,0,172,0.92,Data corresponds to the period from 01-06-2019 to 10-02-2024.
Arun Sao,Chhattisgarh,Bilaspur,Bharatiya Janata Party,Male,Professional Graduate,55,38,0,372,0.88,Data corresponds to the period from 01-06-2019 to 10-02-2024.
Arvind Dharmapuri,Telangana,Nizamabad,Bharatiya Janata Party,Male,Post Graduate,47,5,0,92,0.88,Data corresponds to the period from 01-06-2019 to 10-02-2024.
Arvind Kumar Sharma,Haryana,Rohtak,Bharatiya Janata Party,Male,Post Graduate,61,18,0,219,0.75,Data corresponds to the period from 01-06-2019 to 10-02-2024.
Asaduddin Owaisi,Telangana,Hyderabad,All India Majlis-E-Ittehadul Muslimeen,Male,Professional Graduate,54,60,3,366,0.72,Data corresponds to the period from 01-06-2019 to 10-02-2024.
Ashok Kumar Rawat,Uttar Pradesh,Misrikh,Bharatiya Janata Party,Male,Post Graduate,48,61,0,319,0.88,Data corresponds to the period from 01-06-2019 to 10-02-2024.
Ashok Kumar Yadav,Bihar,Madhubani,Bharatiya Janata Party,Male,Doctorate,53,12,0,24,0.93,Data corresponds to the period from 01-06-2019 to 10-02-2024.
Ashok Mahadeorao Nete,Maharashtra,Gadchiroli-Chimur,Bharatiya Janata Party,Male,Graduate,55,49,4,279,0.87,Data corresponds to the period from 01-06-2019 to 10-02-2024.
Asit Kumar Mal,West Bengal,Bolpur,All India Trinamool Congress,Male,Information not available,68,22,0,5,0.75,Data corresponds to the period from 01-06-2019 to 10-02-2024.
Atul Kumar Singh,Uttar Pradesh,Ghosi,Bahujan Samaj Party,Male,Information Not Available,41,0,0,0,0.01,Data corresponds to the period from 01-06-2019 to 10-02-2024.
B.N. Bache Gowda,Karnataka,Chikkballapur,Bharatiya Janata Party,Male,Graduate,81,1,0,32,0.38,Data corresponds to the period from 01-06-2019 to 10-02-2024.
B.Y. Raghavendra,Karnataka,Shimoga,Bharatiya Janata Party,Male,Graduate,50,17,0,220,0.63,Data corresponds to the period from 01-06-2019 to 10-02-2024.
Badruddin Ajmal,Assam,Dhubri,All India United Democratic Front,Male,Post Graduate,68,30,0,270,0.5,Data corresponds to the period from 01-06-2019 to 10-02-2024.
Baidyanath Prasad Mahto,Bihar,Valmiki Nagar,Janata Dal (United),Male,Matric,76,3,0,10,0.65,Data corresponds to the period from 01-06-2019 to 10-02-2024.
Balak Nath,Rajasthan,Alwar,Bharatiya Janata Party,Male,Matric,39,13,0,225,0.78,Data corresponds to the period from 01-06-2019 to 10-02-2024.
Balashowry Vallabbhaneni,Andhra Pradesh,Machilipatnam,Yuvajana Sramika Rythu Congress Party,Male,Graduate,55,16,0,316,0.76,Data corresponds to the period from 01-06-2019 to 10-02-2024.
Balli Durga Prasad Rao,Andhra Pradesh,Tirupati,Yuvajana Sramika Rythu Congress Party,Male,Graduate,67,11,0,46,0.79,Data corresponds to the period from 01-06-2019 to 10-02-2024.
Balubhau Dhannorkar,Maharashtra,Chandrapur,Indian National Congress,Male,Information Not Available,48,37,0,281,0.65,Data corresponds to the period from 01-06-2019 to 10-02-2024.
Basanta Kumar Panda,Odisha,Kalahandi,Bharatiya Janata Party,Male,Information Not Available,62,34,0,231,0.89,Data corresponds to the period from 01-06-2019 to 10-02-2024.
Beesetti Venkata Satyavathi,Andhra Pradesh,Anakapalli,Yuvajana Sramika Rythu Congress Party,Female,Doctorate,57,76,0,299,0.85,Data corresponds to the period from 01-06-2019 to 10-02-2024.
Bellana Chandra Sekhar,Andhra Pradesh,Vizianagaram,Yuvajana Sramika Rythu Congress Party,Male,Graduate,62,31,0,310,0.71,Data corresponds to the period from 01-06-2019 to 10-02-2024.
Benny Behanan,Kerala,Chalakudy,Indian National Congress,Male,Graduate,71,69,3,343,0.85,Data corresponds to the period from 01-06-2019 to 10-02-2024.
Bhagirath Chaudhary,Rajasthan,Ajmer,Bharatiya Janata Party,Male,Information Not Available,69,77,0,204,1,Data corresponds to the period from 01-06-2019 to 10-02-2024.
Bhagwant Mann,Punjab,Sangrur,Aam Aadmi Party,Male,Under Graduate,50,41,0,43,0.54,Data corresponds to the period from 01-06-2019 to 10-02-2024.
Bharatiben Dhirubhai Shiyal,Gujarat,Bhavnagar,Bharatiya Janata Party,Female,Professional Graduate,59,34,0,339,0.77,Data corresponds to the period from 01-06-2019 to 10-02-2024.
Bhartruhari Mahtab,Odisha,Cuttack,Biju Janata Dal,Male,Post Graduate,66,185,10,311,0.91,Data corresponds to the period from 01-06-2019 to 10-02-2024.
Bhavana Pundlikrao Gawali Patil,Maharashtra,Yavatmal-Washim,Shiv Sena,Female,Graduate,50,12,0,222,0.42,Data corresponds to the period from 01-06-2019 to 10-02-2024.
Bheemrao B. Patil,Telangana,Zahirabad,Bharat Rashtra Samithi,Male,Graduate,68,66,0,269,0.8,Data corresponds to the period from 01-06-2019 to 10-02-2024.
Bhola Singh,Uttar Pradesh,Bulandshahr,Bharatiya Janata Party,Male,Graduate,46,35,5,564,0.96,Data corresponds to the period from 01-06-2019 to 10-02-2024.
Bholanath (B.P. Saroj),Uttar Pradesh,Machhlishahr,Bharatiya Janata Party,Male,Information Not Available,63,13,0,144,0.98,Data corresponds to the period from 01-06-2019 to 10-02-2024.
Bidyut Baran Mahato,Jharkhand,Jamshedpur,Bharatiya Janata Party,Male,Inter/ Higher Secondary,61,87,2,632,0.9,Data corresponds to the period from 01-06-2019 to 10-02-2024.
Brij Bhushan Sharan Singh,Uttar Pradesh,Kaiserganj,Bharatiya Janata Party,Male,Post Graduate,67,2,0,148,0.87,Data corresponds to the period from 01-06-2019 to 10-02-2024.
Brijendra Singh,Haryana,Hisar,Bharatiya Janata Party,Male,Professional Graduate,51,25,0,162,0.99,Data corresponds to the period from 01-06-2019 to 10-02-2024.
C. Lalrosanga,Mizoram,Mizoram,Mizo National Front,Male,Information Not Available,66,3,0,51,0.62,Data corresponds to the period from 01-06-2019 to 10-02-2024.
C. R. Patil,Gujarat,Navsari,Bharatiya Janata Party,Male,Certificate Course,68,2,0,124,0.74,Data corresponds to the period from 01-06-2019 to 10-02-2024.
C.N. Annadurai,Tamil Nadu,Tiruvannamalai,Dravida Munnetra Kazhagam,Male,Information Not Available,50,55,1,451,0.78,Data corresponds to the period from 01-06-2019 to 10-02-2024.
Chandan Singh,Bihar,Nawada,Lok Jan Shakti Party,Male,Graduate,39,7,0,65,0.81,Data corresponds to the period from 01-06-2019 to 10-02-2024.
Chandeshwar Prasad,Bihar,Jahanabad,Janata Dal (United),Male,Matric,72,50,0,219,0.9,Data corresponds to the period from 01-06-2019 to 10-02-2024.
Chandra Prakash Choudhary,Jharkhand,Giridih,AJSU Party,Male,Graduate,56,15,0,162,0.74,Data corresponds to the period from 01-06-2019 to 10-02-2024.
Chandra Prakash Joshi,Rajasthan,Chittorgarh,Bharatiya Janata Party,Male,Graduate,48,159,8,328,0.89,Data corresponds to the period from 01-06-2019 to 10-02-2024.
Chandra Sekhar Sahu,Odisha,Berhampur,Biju Janata Dal,Male,Professional Graduate,73,48,0,531,0.65,Data corresponds to the period from 01-06-2019 to 10-02-2024.
Chandra Sen Jadon,Uttar Pradesh,Firozabad,Bharatiya Janata Party,Male,Graduate,73,17,0,51,0.98,Data corresponds to the period from 01-06-2019 to 10-02-2024.
Chandrani Murmu,Odisha,Keonjhar,Biju Janata Dal,Female,Professional Graduate,30,18,0,121,0.8,Data corresponds to the period from 01-06-2019 to 10-02-2024.
Chavda Vinod Lakhamashi,Gujarat,Kachchh,Bharatiya Janata Party,Male,Professional Graduate,44,15,0,103,0.73,Data corresponds to the period from 01-06-2019 to 10-02-2024.
Chhatar Singh Darbar,Madhya Pradesh,Dhar,Bharatiya Janata Party,Male,Professional Graduate,70,13,0,30,0.81,Data corresponds to the period from 01-06-2019 to 10-02-2024.
Chhedi Paswan,Bihar,Sasaram,Bharatiya Janata Party,Male,Post Graduate,60,33,0,26,0.87,Data corresponds to the period from 01-06-2019 to 10-02-2024.
Chinta Anuradha,Andhra Pradesh,Amalapuram,Yuvajana Sramika Rythu Congress Party,Female,Graduate,51,37,1,280,0.67,Data corresponds to the period from 01-06-2019 to 10-02-2024.
Chirag Kumar Paswan,Bihar,Jamui,Lok Jan Shakti Party,Male,Professional Graduate,41,15,0,69,0.55,Data corresponds to the period from 01-06-2019 to 10-02-2024.
Choudhury Mohan Jatua,West Bengal,Mathurapur,All India Trinamool Congress,Male,Post Graduate,85,0,0,0,0.3,Data corresponds to the period from 01-06-2019 to 10-02-2024.
Chudasama Rajeshbhai Naranbhai,Gujarat,Junagadh,Bharatiya Janata Party,Male,Inter/ Higher Secondary,41,9,0,364,0.78,Data corresponds to the period from 01-06-2019 to 10-02-2024.
Chunni Lal Sahu,Chhattisgarh,Mahasamund,Bharatiya Janata Party,Male,Graduate,55,40,0,128,0.89,Data corresponds to the period from 01-06-2019 to 10-02-2024.
D. Ravikumar,Tamil Nadu,Viluppuram,Dravida Munnetra Kazhagam,Male,Doctorate,63,60,5,220,0.71,Data corresponds to the period from 01-06-2019 to 10-02-2024.
D.K. Suresh,Karnataka,Bangalore Rural,Indian National Congress,Male,Inter/ Higher Secondary,57,21,0,395,0.69,Data corresponds to the period from 01-06-2019 to 10-02-2024.
D.M. Kathir Anand,Tamil Nadu,Vellore,Dravida Munnetra Kazhagam,Male,Post Graduate,49,32,5,262,0.63,Data corresponds to the period from 01-06-2019 to 10-02-2024.
Dabhi Bharatsinhji Shankarji,Gujarat,Patan,Bharatiya Janata Party,Male,Graduate,68,6,0,6,0.89,Data corresponds to the period from 01-06-2019 to 10-02-2024.
Dayakar Pasunoori,Telangana,Warangal,Bharat Rashtra Samithi,Male,Graduate,56,3,0,149,0.54,Data corresponds to the period from 01-06-2019 to 10-02-2024.
Dayanidhi Maran,Tamil Nadu,Chennai Central,Dravida Munnetra Kazhagam,Male,Graduate,57,20,0,136,0.77,Data corresponds to the period from 01-06-2019 to 10-02-2024.
Dean Kuriakose,Kerala,Idukki,Indian National Congress,Male,Post Graduate,42,91,12,289,0.9,Data corresponds to the period from 01-06-2019 to 10-02-2024.
Deepak Baij,Chhattisgarh,Bastar,Indian National Congress,Male,Information Not Available,42,37,0,301,0.85,Data corresponds to the period from 01-06-2019 to 10-02-2024.
Devendra Singh @ Bhole Singh,Uttar Pradesh,Akbarpur,Bharatiya Janata Party,Male,Matric,69,25,0,51,0.87,Data corresponds to the period from 01-06-2019 to 10-02-2024.
Devji Patel,Rajasthan,Jalore,Bharatiya Janata Party,Male,Matric,47,134,5,442,0.74,Data corresponds to the period from 01-06-2019 to 10-02-2024.
Dhal Singh Bisen,Madhya Pradesh,Balaghat,Bharatiya Janata Party,Male,Diploma Course,71,73,0,189,0.99,Data corresponds to the period from 01-06-2019 to 10-02-2024.
Dhanush M Kumar,Tamil Nadu,Tenkasi,Dravida Munnetra Kazhagam,Male,Professional Post Graduat,48,121,2,490,0.99,Data corresponds to the period from 01-06-2019 to 10-02-2024.
Dharambir,Haryana,Bhiwani-Mahendragarh,Bharatiya Janata Party,Male,Graduate,68,43,0,215,0.96,Data corresponds to the period from 01-06-2019 to 10-02-2024.
Dharmendra Kumar,Uttar Pradesh,Aonla,Bharatiya Janata Party,Male,Matric,55,8,0,138,0.93,Data corresponds to the period from 01-06-2019 to 10-02-2024.
Dibyendu Adhikari,West Bengal,Tamluk,All India Trinamool Congress,Male,Graduate,47,1,0,197,0.24,Data corresponds to the period from 01-06-2019 to 10-02-2024.
Dileshwar Kamait,Bihar,Supaul,Janata Dal (United),Male,Graduate,78,56,4,304,0.99,Data corresponds to the period from 01-06-2019 to 10-02-2024.
Dilip Ghosh,West Bengal,Medinipur,Bharatiya Janata Party,Male,Professional Graduate,59,11,0,32,0.83,Data corresponds to the period from 01-06-2019 to 10-02-2024.
Dilip Saikia,Assam,Mangaldoi,Bharatiya Janata Party,Male,Graduate,50,42,3,354,0.81,Data corresponds to the period from 01-06-2019 to 10-02-2024.
Dimple Yadav,Uttar Pradesh,Mainpuri,Samajwadi Party,Female,Graduate,46,8,0,16,0.67,Data corresponds to the period from 01-06-2019 to 10-02-2024.
Dinesh Chandra Yadav,Bihar,Madhepura,Janata Dal (United),Male,Diploma Course,72,35,0,128,0.83,Data corresponds to the period from 01-06-2019 to 10-02-2024.
"Dinesh Lal ""Nirahua"" Yadav",Uttar Pradesh,Azamgarh,Bharatiya Janata Party,Male,Information Not Available,,3,0,36,0.9,Data corresponds to the period from 01-06-2019 to 10-02-2024.
Diya Kumari,Rajasthan,Rajsamand,Bharatiya Janata Party,Female,Doctorate,53,31,2,198,0.88,Data corresponds to the period from 01-06-2019 to 10-02-2024.
DNV Senthilkumar S.,Tamil Nadu,Dharmapuri,Dravida Munnetra Kazhagam,Male,Professional Post Graduat,46,316,6,511,0.99,Data corresponds to the period from 01-06-2019 to 10-02-2024.
Dulal Chandra Goswami,Bihar,Katihar,Janata Dal (United),Male,Graduate,56,48,0,175,0.95,Data corresponds to the period from 01-06-2019 to 10-02-2024.
Durga Das (D.D.) Uikey,Madhya Pradesh,Betul,Bharatiya Janata Party,Male,Post Graduate,60,20,0,57,0.96,Data corresponds to the period from 01-06-2019 to 10-02-2024.
Dushyant Singh,Rajasthan,Jhalawar-Baran,Bharatiya Janata Party,Male,Professional Post Graduat,50,75,0,258,0.82,Data corresponds to the period from 01-06-2019 to 10-02-2024.
E. T. Mohammed Basheer,Kerala,Ponnani,Indian Union Muslim League,Male,Inter/ Higher Secondary,77,102,5,224,0.94,Data corresponds to the period from 01-06-2019 to 10-02-2024.
Farooq Abdullah,Jammu and Kashmir,Srinagar,Jammu and Kashmir National Conference,Male,Graduate,86,11,0,11,0.61,Data corresponds to the period from 01-06-2019 to 10-02-2024.
Feroze Varun Gandhi,Uttar Pradesh,Pilibhit,Bharatiya Janata Party,Male,Graduate,43,5,5,206,0.79,Data corresponds to the period from 01-06-2019 to 10-02-2024.
Francisco Sardinha,Goa,South Goa,Indian National Congress,Male,Professional Graduate,77,14,0,87,0.94,Data corresponds to the period from 01-06-2019 to 10-02-2024.
G. Selvam,Tamil Nadu,Kancheepuram,Dravida Munnetra Kazhagam,Male,Post Graduate,49,18,1,436,0.82,Data corresponds to the period from 01-06-2019 to 10-02-2024.
Gaddam Ranjith Reddy,Telangana,Chevella,Bharat Rashtra Samithi,Male,Post Graduate,59,37,3,385,0.7,Data corresponds to the period from 01-06-2019 to 10-02-2024.
Gajanan Chandrakant Kirtikar,Maharashtra,Mumbai-North-West,Shiv Sena,Male,Graduate,80,41,0,580,0.71,Data corresponds to the period from 01-06-2019 to 10-02-2024.
Gajendra Umrao Singh Patel,Madhya Pradesh,Khargone,Bharatiya Janata Party,Male,Professional Graduate,48,28,0,171,0.85,Data corresponds to the period from 01-06-2019 to 10-02-2024.
Ganesh Singh,Madhya Pradesh,Satna,Bharatiya Janata Party,Male,Post Graduate,61,90,5,186,0.86,Data corresponds to the period from 01-06-2019 to 10-02-2024.
Gangasandra Siddappa Basavaraj,Karnataka,Tumkur,Bharatiya Janata Party,Male,Professional Graduate,82,7,0,59,0.66,Data corresponds to the period from 01-06-2019 to 10-02-2024.
Gautam Gambhir,Delhi,East Delhi,Bharatiya Janata Party,Male,Inter/ Higher Secondary,42,3,1,97,0.61,Data corresponds to the period from 01-06-2019 to 10-02-2024.
Gautham Sigamani Pon,Tamil Nadu,Kallakurichi,Dravida Munnetra Kazhagam,Male,Doctorate,49,53,2,379,0.91,Data corresponds to the period from 01-06-2019 to 10-02-2024.
Geeta Kora,Jharkhand,Singhbhum,Indian National Congress,Female,Information Not Available,40,14,0,279,0.69,Data corresponds to the period from 01-06-2019 to 10-02-2024.
Geetha Viswanath Vanga,Andhra Pradesh,Kakinada,Yuvajana Sramika Rythu Congress Party,Female,Post Graduate,59,77,1,346,0.69,Data corresponds to the period from 01-06-2019 to 10-02-2024.
Ghanshyam Singh Lodhi,Uttar Pradesh,Rampur,Bharatiya Janata Party,Male,Information Not Available,,4,0,67,0.89,Data corresponds to the period from 01-06-2019 to 10-02-2024.
Giridhari Yadav,Bihar,Banka,Janata Dal (United),Male,Post Graduate,62,9,0,144,0.63,Data corresponds to the period from 01-06-2019 to 10-02-2024.
Girish Bhalchandra Bapat,Maharashtra,Pune,Bharatiya Janata Party,Male,Graduate,74,27,1,367,0.68,Data corresponds to the period from 01-06-2019 to 10-02-2024.
Girish Chandra,Uttar Pradesh,Nagina,Bahujan Samaj Party,Male,Information Not Available,60,221,0,104,0.91,Data corresponds to the period from 01-06-2019 to 10-02-2024.
Goddeti Madhavi,Andhra Pradesh,Araku,Yuvajana Sramika Rythu Congress Party,Female,Graduate,31,40,0,171,0.86,Data corresponds to the period from 01-06-2019 to 10-02-2024.
Godse Hemant Tukaram,Maharashtra,Nashik,Shiv Sena,Male,Diploma Course,53,10,0,280,0.87,Data corresponds to the period from 01-06-2019 to 10-02-2024.
Gomati Sai,Chhattisgarh,Raigarh,Bharatiya Janata Party,Female,Inter/ Higher Secondary,45,14,0,108,0.93,Data corresponds to the period from 01-06-2019 to 10-02-2024.
Gopal Chinayya Shetty,Maharashtra,Mumbai-North,Bharatiya Janata Party,Male,Under Matric,70,114,19,298,0.96,Data corresponds to the period from 01-06-2019 to 10-02-2024.
Gopal Jee Thakur,Bihar,Darbhanga,Bharatiya Janata Party,Male,Post Graduate,54,49,0,182,0.97,Data corresponds to the period from 01-06-2019 to 10-02-2024.
Gourav Gogoi,Assam,Kaliabor,Indian National Congress,Male,Post Graduate,41,78,5,245,0.76,Data corresponds to the period from 01-06-2019 to 10-02-2024.
Gowdar Mallikarjunappa Siddeswara,Karnataka,Davanagere,Bharatiya Janata Party,Male,Matric,71,15,0,336,0.69,Data corresponds to the period from 01-06-2019 to 10-02-2024.
Guharam Ajgalley,Chhattisgarh,Janjgir-Champa,Bharatiya Janata Party,Male,Professional Graduate,56,7,0,4,0.96,Data corresponds to the period from 01-06-2019 to 10-02-2024.
Guman Singh Damor,Madhya Pradesh,Ratlam,Bharatiya Janata Party,Male,Information Not Available,66,29,0,117,0.88,Data corresponds to the period from 01-06-2019 to 10-02-2024.
Gurjeet Singh Aujla,Punjab,Amritsar,Indian National Congress,Male,Inter/ Higher Secondary,51,45,0,110,0.86,Data corresponds to the period from 01-06-2019 to 10-02-2024.
Gyaneshwar Patil,Madhya Pradesh,Khandwa,Bharatiya Janata Party,Male,Information Not Available,55,2,0,122,0.83,Data corresponds to the period from 01-06-2019 to 10-02-2024.
H. Vasanthakumar,Tamil Nadu,Kanniyakumari,Indian National Congress,Male,Post Graduate,73,40,2,104,0.88,Data corresponds to the period from 01-06-2019 to 10-02-2024.
Haji Fazlur Rehman,Uttar Pradesh,Saharanpur,Bahujan Samaj Party,Male,Graduate,72,29,0,125,0.58,Data corresponds to the period from 01-06-2019 to 10-02-2024.
Hans Raj Hans,Delhi,North West Delhi,Bharatiya Janata Party,Male,Information Not Available,61,4,0,15,0.39,Data corresponds to the period from 01-06-2019 to 10-02-2024.
Hanumana Ram,Rajasthan,Nagaur,Rashtriya Loktantrik Party,Male,Professional Graduate,51,185,2,249,0.9,Data corresponds to the period from 01-06-2019 to 10-02-2024.
Harish Chandra Alias Harish Dwive,Uttar Pradesh,Basti,Bharatiya Janata Party,Male,Post Graduate,50,21,0,190,0.74,Data corresponds to the period from 01-06-2019 to 10-02-2024.
Hasnain Masoodi,Jammu and Kashmir,Anantnag,Jammu and Kashmir National Conference,Male,Post Graduate,70,126,0,73,0.85,Data corresponds to the period from 01-06-2019 to 10-02-2024.
Heena Vaijaykumar Gavit,Maharashtra,Nandurbar,Bharatiya Janata Party,Female,Professional Post Graduat,36,78,9,550,0.89,Data corresponds to the period from 01-06-2019 to 10-02-2024.
Hema Malini,Uttar Pradesh,Mathura,Bharatiya Janata Party,Female,Matric,75,20,0,105,0.5,Data corresponds to the period from 01-06-2019 to 10-02-2024.
Hemant Patil,Maharashtra,Hingoli,Shiv Sena,Male,Information Not Available,53,17,0,278,0.58,Data corresponds to the period from 01-06-2019 to 10-02-2024.
Hibi Eden,Kerala,Ernakulam,Indian National Congress,Male,Graduate,40,61,9,318,0.89,Data corresponds to the period from 01-06-2019 to 10-02-2024.
Himadri Singh,Madhya Pradesh,Shahdol,Bharatiya Janata Party,Female,Information Not Available,35,6,0,38,0.85,Data corresponds to the period from 01-06-2019 to 10-02-2024.
Horen Sing Bey,Assam,Autonomous District,Bharatiya Janata Party,Male,Graduate,54,3,0,6,0.78,Data corresponds to the period from 01-06-2019 to 10-02-2024.
Imtiaz Jaleel Syed,Maharashtra,Aurangabad,All India Majlis-E-Ittehadul Muslimeen,Male,Professional Graduate,55,81,1,274,0.77,Data corresponds to the period from 01-06-2019 to 10-02-2024.
Indra Hang Subba,Sikkim,Sikkim,Sikkim Krantikari Morcha,Male,Post Graduate,35,14,0,31,0.71,Data corresponds to the period from 01-06-2019 to 10-02-2024.
Jadhav Prataprao Ganpatrao,Maharashtra,Buldhana,Shiv Sena,Male,Under Graduate,63,48,0,473,0.71,Data corresponds to the period from 01-06-2019 to 10-02-2024.
Jagannath Sarkar,West Bengal,Ranaghat,Bharatiya Janata Party,Male,Information Not Available,61,7,0,99,0.89,Data corresponds to the period from 01-06-2019 to 10-02-2024.
Jagdambika Pal,Uttar Pradesh,Domariyaganj,Bharatiya Janata Party,Male,Post Graduate,73,193,12,339,0.99,Data corresponds to the period from 01-06-2019 to 10-02-2024.
Jai Prakash,Uttar Pradesh,Hardoi,Bharatiya Janata Party,Male,Professional Graduate,65,3,0,55,0.7,Data corresponds to the period from 01-06-2019 to 10-02-2024.
Jai Sidheshwar Shivachary Mahaswa,Maharashtra,Solapur,Bharatiya Janata Party,Male,Doctorate,68,28,0,112,0.77,Data corresponds to the period from 01-06-2019 to 10-02-2024.
Jamyang Tsering Namgyal,Jammu and Kashmir,Ladakh,Bharatiya Janata Party,Male,Graduate,38,41,1,114,0.84,Data corresponds to the period from 01-06-2019 to 10-02-2024.
Janardan Mishra,Madhya Pradesh,Rewa,Bharatiya Janata Party,Male,Professional Graduate,67,39,0,108,0.95,Data corresponds to the period from 01-06-2019 to 10-02-2024.
Janardan Singh Sigriwal,Bihar,Maharajganj,Bharatiya Janata Party,Male,Post Graduate,65,95,16,322,0.96,Data corresponds to the period from 01-06-2019 to 10-02-2024.
Jasbir Singh,Punjab,Khadoor Sahib,Indian National Congress,Male,Certificate Course,,75,2,102,0.93,Data corresponds to the period from 01-06-2019 to 10-02-2024.
Jaskaur Meena,Rajasthan,Dausa,Bharatiya Janata Party,Female,Post Graduate,76,76,0,318,0.95,Data corresponds to the period from 01-06-2019 to 10-02-2024.
Jasvantsinh Sumanbhai Bhabhor,Gujarat,Dahod,Bharatiya Janata Party,Male,Graduate,57,18,0,294,0.88,Data corresponds to the period from 01-06-2019 to 10-02-2024.
Jayadev Galla,Andhra Pradesh,Guntur,Telugu Desam Party,Male,Graduate,57,89,0,314,0.87,Data corresponds to the period from 01-06-2019 to 10-02-2024.
Jayant Sinha,Jharkhand,Hazaribagh,Bharatiya Janata Party,Male,Professional Post Graduat,60,39,5,266,0.91,Data corresponds to the period from 01-06-2019 to 10-02-2024.
Jayanta Kumar Roy,West Bengal,Jalpaiguri,Bharatiya Janata Party,Male,Doctorate,56,17,0,492,0.88,Data corresponds to the period from 01-06-2019 to 10-02-2024.
Jual @ Juel Oram,Odisha,Sundargarh,Bharatiya Janata Party,Male,others,62,6,0,230,0.88,Data corresponds to the period from 01-06-2019 to 10-02-2024.
Jyotirmay Singh Mahato,West Bengal,Purulia,Bharatiya Janata Party,Male,Information Not Available,38,3,0,133,0.69,Data corresponds to the period from 01-06-2019 to 10-02-2024.
Jyotsna Charandas Mahant,Chhattisgarh,Korba,Indian National Congress,Female,Information Not Available,70,7,0,116,0.71,Data corresponds to the period from 01-06-2019 to 10-02-2024.
K. Jayakumar,Tamil Nadu,Tiruvallur,Indian National Congress,Male,Doctorate,73,33,0,38,0.87,Data corresponds to the period from 01-06-2019 to 10-02-2024.
K. Muraleedharan,Kerala,Vadakara,Indian National Congress,Male,Professional Graduate,66,61,0,266,0.9,Data corresponds to the period from 01-06-2019 to 10-02-2024.
K. Navaskani,Tamil Nadu,Ramanathapuram,Indian Union Muslim League,Male,Inter/ Higher Secondary,44,134,3,271,0.89,Data corresponds to the period from 01-06-2019 to 10-02-2024.
K. Shanmugasundaram,Tamil Nadu,Pollachi,Dravida Munnetra Kazhagam,Male,Information Not Available,53,19,0,216,0.77,Data corresponds to the period from 01-06-2019 to 10-02-2024.
K. Subbarayan,Tamil Nadu,Tiruppur,Communist Party of India,Male,Matric,76,58,0,169,0.61,Data corresponds to the period from 01-06-2019 to 10-02-2024.
K.C. Patel,Gujarat,Valsad,Bharatiya Janata Party,Male,Professional Graduate,75,5,0,0,0.88,Data corresponds to the period from 01-06-2019 to 10-02-2024.
Kakoli Ghosh Dastidar,West Bengal,Barasat,All India Trinamool Congress,Female,Professional Post Graduat,64,16,0,1,0.55,Data corresponds to the period from 01-06-2019 to 10-02-2024.
Kalaben Mohanbhai Delkar,Dadra and Nagar Have,Dadra and Nagar Have,Shiv Sena,Female,Information Not Available,52,12,0,141,0.67,Data corresponds to the period from 01-06-2019 to 10-02-2024.
Kalyan Banerjee,West Bengal,Serampore,All India Trinamool Congress,Male,Professional Graduate,67,50,0,138,0.69,Data corresponds to the period from 01-06-2019 to 10-02-2024.
Kamlesh Paswan,Uttar Pradesh,Bansgaon,Bharatiya Janata Party,Male,Inter/ Higher Secondary,47,10,0,26,0.87,Data corresponds to the period from 01-06-2019 to 10-02-2024.
Kanakmal Katara,Rajasthan,Banswara,Bharatiya Janata Party,Male,Graduate,66,32,0,318,0.91,Data corresponds to the period from 01-06-2019 to 10-02-2024.
Kanimozhi Karunanidhi,Tamil Nadu,Thoothukkudi,Dravida Munnetra Kazhagam,Female,Post Graduate,56,65,2,182,0.69,Data corresponds to the period from 01-06-2019 to 10-02-2024.
Kanumuru Raghu Rama Krishna Raju,Andhra Pradesh,Narsapuram,Yuvajana Sramika Rythu Congress Party,Male,Professional Post Graduat,61,75,1,376,0.98,Data corresponds to the period from 01-06-2019 to 10-02-2024.
Karadi Sanganna Amarappa,Karnataka,Koppal,Bharatiya Janata Party,Male,Inter/ Higher Secondary,73,21,0,205,0.76,Data corresponds to the period from 01-06-2019 to 10-02-2024.
Karti P. Chidambaram,Tamil Nadu,Sivaganga,Indian National Congress,Male,Graduate,52,24,2,165,0.77,Data corresponds to the period from 01-06-2019 to 10-02-2024.
Kaushalendra Kumar,Bihar,Nalanda,Janata Dal (United),Male,Inter/ Higher Secondary,65,86,0,294,0.97,Data corresponds to the period from 01-06-2019 to 10-02-2024.
Kavita Singh,Bihar,Siwan,Janata Dal (United),Female,Post Graduate,39,13,0,10,0.89,Data corresponds to the period from 01-06-2019 to 10-02-2024.
Kavitha Malothu,Telangana,Mahabubabad,Bharat Rashtra Samithi,Female,Graduate,43,5,0,144,0.47,Data corresponds to the period from 01-06-2019 to 10-02-2024.
Keshari Devi Patel,Uttar Pradesh,Phulpur,Bharatiya Janata Party,Female,Post Graduate,67,33,0,299,0.95,Data corresponds to the period from 01-06-2019 to 10-02-2024.
Kesineni Srinivas,Andhra Pradesh,Vijayawada,Telugu Desam Party,Male,Matric,58,27,3,215,0.81,Data corresponds to the period from 01-06-2019 to 10-02-2024.
Khagen Murmu,West Bengal,Maldaha Uttar,Bharatiya Janata Party,Male,Graduate,64,52,0,308,0.94,Data corresponds to the period from 01-06-2019 to 10-02-2024.
Khalilur Rahaman,West Bengal,Jangipur,All India Trinamool Congress,Male,Graduate,63,18,0,12,0.59,Data corresponds to the period from 01-06-2019 to 10-02-2024.
Kirit Premjibhai Solanki,Gujarat,Ahmedabad West,Bharatiya Janata Party,Male,Professional Post Graduat,73,102,11,225,0.95,Data corresponds to the period from 01-06-2019 to 10-02-2024.
Kirron Anupam Kher,Chandigarh,Chandigarh,Bharatiya Janata Party,Female,Post Graduate,71,9,0,106,0.47,Data corresponds to the period from 01-06-2019 to 10-02-2024.
Kirti Vardhan Singh,Uttar Pradesh,Gonda,Bharatiya Janata Party,Male,Post Graduate,57,7,0,47,0.7,Data corresponds to the period from 01-06-2019 to 10-02-2024.
Kisan Kapoor,Himachal Pradesh,Kangra,Bharatiya Janata Party,Male,Inter/ Higher Secondary,72,5,0,41,0.88,Data corresponds to the period from 01-06-2019 to 10-02-2024.
Komati Reddy Venkat Reddy,Telangana,Bhongir,Indian National Congress,Male,Inter/ Higher Secondary,60,22,0,357,0.57,Data corresponds to the period from 01-06-2019 to 10-02-2024.
Kotha Prabhakar Reddy,Telangana,Medak,Bharat Rashtra Samithi,Male,Graduate,58,36,0,332,0.51,Data corresponds to the period from 01-06-2019 to 10-02-2024.
Kripanath Mallah,Assam,Karimganj,Bharatiya Janata Party,Male,Graduate,50,10,0,287,0.72,Data corresponds to the period from 01-06-2019 to 10-02-2024.
Krishna Pal Singh,Madhya Pradesh,Guna,Bharatiya Janata Party,Male,Doctorate,48,53,5,364,0.92,Data corresponds to the period from 01-06-2019 to 10-02-2024.
Krupal Balaji Tumane,Maharashtra,Ramtek,Shiv Sena,Male,Graduate,58,31,3,379,0.87,Data corresponds to the period from 01-06-2019 to 10-02-2024.
Kuldeep Rai Sharma,Andaman and Nicobar,Andaman and Nicobar,Indian National Congress,Male,Professional Graduate,56,834,9,610,0.7,Data corresponds to the period from 01-06-2019 to 10-02-2024.
Kumbakudi Sudhakaran,Kerala,Kannur,Indian National Congress,Male,Post Graduate,75,19,0,275,0.5,Data corresponds to the period from 01-06-2019 to 10-02-2024.
Kunar Hembram,West Bengal,Jhargram,Bharatiya Janata Party,Male,Graduate,61,21,0,19,0.91,Data corresponds to the period from 01-06-2019 to 10-02-2024.
Kunwar Danish Ali,Uttar Pradesh,Amroha,Bahujan Samaj Party,Male,Post Graduate,48,143,2,212,0.97,Data corresponds to the period from 01-06-2019 to 10-02-2024.
Kuruva Gorantla Madhav,Andhra Pradesh,Hindupur,Yuvajana Sramika Rythu Congress Party,Male,Professional Graduate,54,40,0,306,0.71,Data corresponds to the period from 01-06-2019 to 10-02-2024.
L. S. Tejasvi Surya,Karnataka,Bangalore South,Bharatiya Janata Party,Male,Professional Graduate,33,36,0,382,0.77,Data corresponds to the period from 01-06-2019 to 10-02-2024.
Lallu Singh,Uttar Pradesh,Faizabad,Bharatiya Janata Party,Male,Professional Graduate,69,8,0,168,0.91,Data corresponds to the period from 01-06-2019 to 10-02-2024.
Lalubhai Babubhai Patel,Daman and Diu,Daman and Diu,Bharatiya Janata Party,Male,Matric,68,7,0,3,0.85,Data corresponds to the period from 01-06-2019 to 10-02-2024.
Lavu Sri Krishna Devarayalu,Andhra Pradesh,Narasaraopet,Yuvajana Sramika Rythu Congress Party,Male,Professional Post Graduat,40,81,7,285,0.82,Data corresponds to the period from 01-06-2019 to 10-02-2024.
Locket Chatterjee,West Bengal,Hooghly,Bharatiya Janata Party,Female,Graduate,49,43,2,295,0.88,Data corresponds to the period from 01-06-2019 to 10-02-2024.
Lorho S. Pfoze,Manipur,Outer Manipur,Nagaland People's Front,Male,Doctorate,64,8,0,39,0.83,Data corresponds to the period from 01-06-2019 to 10-02-2024.
M. K. Raghavan,Kerala,Kozhikode,Indian National Congress,Male,Graduate,71,54,11,270,0.81,Data corresponds to the period from 01-06-2019 to 10-02-2024.
M. Selvaraj,Tamil Nadu,Nagapattinam,Communist Party of India,Male,Information Not Available,66,57,0,239,0.54,Data corresponds to the period from 01-06-2019 to 10-02-2024.
M.K. Vishnu Prasad,Tamil Nadu,Arani,Indian National Congress,Male,Professional Graduate,51,29,2,254,0.78,Data corresponds to the period from 01-06-2019 to 10-02-2024.
M.P. Abdussamad Samadani,Kerala,Malappuram,Indian Union Muslim League,Male,Post Graduate,65,32,0,117,0.96,Data corresponds to the period from 01-06-2019 to 10-02-2024.
M.V.V. Satyanarayana,Andhra Pradesh,Visakhapatnam,Yuvajana Sramika Rythu Congress Party,Male,Graduate,57,6,0,228,0.63,Data corresponds to the period from 01-06-2019 to 10-02-2024.
Maddila Gurumoorthy,Andhra Pradesh,Tirupati,Yuvajana Sramika Rythu Congress Party,Male,Graduate,38,24,0,199,0.79,Data corresponds to the period from 01-06-2019 to 10-02-2024.
Magunta Srinivasulu Reddy,Andhra Pradesh,Ongole,Yuvajana Sramika Rythu Congress Party,Male,Graduate,70,32,0,379,0.71,Data corresponds to the period from 01-06-2019 to 10-02-2024.
Mahabali Singh,Bihar,Karakat,Janata Dal (United),Male,Under Matric,68,45,0,226,0.98,Data corresponds to the period from 01-06-2019 to 10-02-2024.
Mahboob Ali Kaiser,Bihar,Khagaria,Lok Jan Shakti Party,Male,Graduate,65,12,0,8,0.85,Data corresponds to the period from 01-06-2019 to 10-02-2024.
Mahendra Singh Solanky,Madhya Pradesh,Dewas,Bharatiya Janata Party,Male,Professional Graduate,39,8,0,98,0.97,Data corresponds to the period from 01-06-2019 to 10-02-2024.
Mahesh Sahoo,Odisha,Dhenkanal,Biju Janata Dal,Male,Diploma Course,63,35,0,204,0.62,Data corresponds to the period from 01-06-2019 to 10-02-2024.
Mahesh Sharma,Uttar Pradesh,Gautam Buddha Nagar,Bharatiya Janata Party,Male,Professional Graduate,64,4,0,6,0.83,Data corresponds to the period from 01-06-2019 to 10-02-2024.
Mahua Moitra,West Bengal,Krishnanagar,All India Trinamool Congress,Female,Graduate,49,37,0,62,0.83,Data corresponds to the period from 01-06-2019 to 10-02-2024.
Mala Rajya Laxmi Shah,Uttarakhand,Tehri Garhwal,Bharatiya Janata Party,Female,Inter/ Higher Secondary,73,10,0,147,0.86,Data corresponds to the period from 01-06-2019 to 10-02-2024.
Mala Roy,West Bengal,Kolkata Dakshin,All India Trinamool Congress,Female,Graduate,66,10,0,205,0.43,Data corresponds to the period from 01-06-2019 to 10-02-2024.
Malook Nagar,Uttar Pradesh,Bijnor,Bahujan Samaj Party,Male,Graduate,59,606,3,255,0.95,Data corresponds to the period from 01-06-2019 to 10-02-2024.
Maneka Gandhi,Uttar Pradesh,Sultanpur,Bharatiya Janata Party,Female,Inter/ Higher Secondary,67,0,0,117,0.78,Data corresponds to the period from 01-06-2019 to 10-02-2024.
Mangal Suresh Angadi,Karnataka,Belgaum,Bharatiya Janata Party,Female,Graduate,60,1,0,29,0.66,Data corresponds to the period from 01-06-2019 to 10-02-2024.
Manicka Tagore,Tamil Nadu,Virudhunagar,Indian National Congress,Male,Professional Graduate,48,96,0,317,0.88,Data corresponds to the period from 01-06-2019 to 10-02-2024.
Manish Tewari,Punjab,Anandpur Sahib,Indian National Congress,Male,Graduate,58,79,6,212,0.95,Data corresponds to the period from 01-06-2019 to 10-02-2024.
Manjulata Mandal,Odisha,Bhadrak,Biju Janata Dal,Female,Information Not Available,47,20,0,261,0.81,Data corresponds to the period from 01-06-2019 to 10-02-2024.
Manne Srinivas Reddy,Telangana,Mahabubnagar,Bharat Rashtra Samithi,Male,Graduate,65,13,0,356,0.64,Data corresponds to the period from 01-06-2019 to 10-02-2024.
Manoj Kotak Kishorbhai,Maharashtra,Mumbai-North-East,Bharatiya Janata Party,Male,Matric,51,53,7,367,0.98,Data corresponds to the period from 01-06-2019 to 10-02-2024.
Manoj Rajoria,Rajasthan,Karauli-Dholpur,Bharatiya Janata Party,Male,Professional Post Graduat,54,87,9,319,0.93,Data corresponds to the period from 01-06-2019 to 10-02-2024.
Manoj Tiwari,Delhi,North East Delhi,Bharatiya Janata Party,Male,Professional Post Graduat,53,37,0,395,0.85,Data corresponds to the period from 01-06-2019 to 10-02-2024.
Mansukhbhai D. Vasava,Gujarat,Bharuch,Bharatiya Janata Party,Male,Post Graduate,66,46,0,128,0.82,Data corresponds to the period from 01-06-2019 to 10-02-2024.
Margani Bharat Ram,Andhra Pradesh,Rajahmundry,Yuvajana Sramika Rythu Congress Party,Male,Graduate,41,46,1,286,0.66,Data corresponds to the period from 01-06-2019 to 10-02-2024.
Mimi Chakraborty,West Bengal,Jadavpur,All India Trinamool Congress,Female,Information Not Available,35,7,0,161,0.21,Data corresponds to the period from 01-06-2019 to 10-02-2024.
Mitesh Rameshbhai Patel,Gujarat,Anand,Bharatiya Janata Party,Male,Diploma Course,58,40,0,212,0.92,Data corresponds to the period from 01-06-2019 to 10-02-2024.
Mohammad Akbar Lone,Jammu and Kashmir,Baramulla,Jammu and Kashmir National Conference,Male,Graduate,76,6,0,5,0.41,Data corresponds to the period from 01-06-2019 to 10-02-2024.
Mohammad Azam Khan,Uttar Pradesh,Rampur,Samajwadi Party,Male,Information Not Available,75,5,0,11,0.28,Data corresponds to the period from 01-06-2019 to 10-02-2024.
Mohammad Jawed,Bihar,Kishanganj,Indian National Congress,Male,Professional Graduate,60,53,6,229,0.96,Data corresponds to the period from 01-06-2019 to 10-02-2024.
Mohammad Sadique,Punjab,Faridkot,Indian National Congress,Male,Under Matric,84,14,0,2,0.64,Data corresponds to the period from 01-06-2019 to 10-02-2024.
Mohan Mandavi,Chhattisgarh,Kanker,Bharatiya Janata Party,Male,Post Graduate,66,29,0,101,1,Data corresponds to the period from 01-06-2019 to 10-02-2024.
Mohanbhai Delkar,Dadra and Nagar Have,Dadra and Nagar Have,Independent,Male,Graduate,61,24,0,14,0.87,Data corresponds to the period from 01-06-2019 to 10-02-2024.
Mohanbhai Kalyanjibhai Kundariya,Gujarat,Rajkot,Bharatiya Janata Party,Male,Matric,72,38,0,380,0.87,Data corresponds to the period from 01-06-2019 to 10-02-2024.
Mukesh Rajput,Uttar Pradesh,Farrukhabad,Bharatiya Janata Party,Male,Graduate,55,46,0,57,0.95,Data corresponds to the period from 01-06-2019 to 10-02-2024.
Mulayam Singh Yadav,Uttar Pradesh,Mainpuri,Samajwadi Party,Male,Post Graduate,84,1,0,0,0.62,Data corresponds to the period from 01-06-2019 to 10-02-2024.
N. Reddeppa,Andhra Pradesh,Chittoor,Yuvajana Sramika Rythu Congress Party,Male,Post Graduate,72,25,0,331,0.82,Data corresponds to the period from 01-06-2019 to 10-02-2024.
N.K.Premachandran,Kerala,Kollam,Revolutionary Socialist Party,Male,Professional Graduate,63,267,18,272,0.91,Data corresponds to the period from 01-06-2019 to 10-02-2024.
Naba Kumar Sarania (Hira),Assam,Kokrajhar,Independent,Male,Inter/ Higher Secondary,54,39,0,213,0.8,Data corresponds to the period from 01-06-2019 to 10-02-2024.
Nakul Nath,Madhya Pradesh,Chhindwara,Indian National Congress,Male,Graduate,49,1,0,30,0.7,Data corresponds to the period from 01-06-2019 to 10-02-2024.
Nalin Kumar Kateel,Karnataka,Dakshina Kannada,Bharatiya Janata Party,Male,Matric,57,13,0,353,0.7,Data corresponds to the period from 01-06-2019 to 10-02-2024.
Nama Nageswara Rao,Telangana,Khammam,Bharat Rashtra Samithi,Male,Inter/ Higher Secondary,66,51,0,226,0.88,Data corresponds to the period from 01-06-2019 to 10-02-2024.
Nandkumar Singh Chouhan (Nandu Bh,Madhya Pradesh,Khandwa,Bharatiya Janata Party,Male,Graduate,71,7,0,7,0.67,Data corresponds to the period from 01-06-2019 to 10-02-2024.
Naranbhai Kachhadia,Gujarat,Amreli,Bharatiya Janata Party,Male,Under Matric,68,84,4,471,0.89,Data corresponds to the period from 01-06-2019 to 10-02-2024.
Narender Kumar,Rajasthan,Jhunjhunu,Bharatiya Janata Party,Male,Graduate,63,34,0,64,0.95,Data corresponds to the period from 01-06-2019 to 10-02-2024.
Navnit Ravi Rana,Maharashtra,Amravati,Independent,Female,Graduate,38,98,0,237,0.79,Data corresponds to the period from 01-06-2019 to 10-02-2024.
Nayab Singh,Haryana,Kurukshetra,Bharatiya Janata Party,Male,Professional Graduate,54,40,0,194,0.93,Data corresponds to the period from 01-06-2019 to 10-02-2024.
Nihalchand,Rajasthan,Ganganagar,Bharatiya Janata Party,Male,Graduate,53,104,9,308,0.88,Data corresponds to the period from 01-06-2019 to 10-02-2024.
Nishikant Dubey,Jharkhand,Godda,Bharatiya Janata Party,Male,Professional Post Graduat,55,193,19,375,0.96,Data corresponds to the period from 01-06-2019 to 10-02-2024.
Nitesh Ganga Deb,Odisha,Sambalpur,Bharatiya Janata Party,Male,Inter/ Higher Secondary,51,22,0,98,0.92,Data corresponds to the period from 01-06-2019 to 10-02-2024.
Nusrat Jahan Ruhi,West Bengal,Basirhat,All India Trinamool Congress,Female,Post Graduate,34,12,0,147,0.23,Data corresponds to the period from 01-06-2019 to 10-02-2024.
Omprakash,Maharashtra,Osmanabad,Shiv Sena,Male,Professional Graduate,40,71,1,362,0.92,Data corresponds to the period from 01-06-2019 to 10-02-2024.
P. C. Mohan,Karnataka,Bangalore Central,Bharatiya Janata Party,Male,Inter/ Higher Secondary,60,9,0,189,0.82,Data corresponds to the period from 01-06-2019 to 10-02-2024.
P. Raveendranath Kumar,Tamil Nadu,Theni,All India Anna Dravida Munnetra Kazhagam,Male,Information Not Available,44,103,0,196,0.55,Data corresponds to the period from 01-06-2019 to 10-02-2024.
P. Velusamy,Tamil Nadu,Dindigul,Dravida Munnetra Kazhagam,Male,Information Not Available,56,16,0,211,0.81,Data corresponds to the period from 01-06-2019 to 10-02-2024.
P.C. Gaddigoudar,Karnataka,Bagalkot,Bharatiya Janata Party,Male,Professional Graduate,72,5,0,76,0.91,Data corresponds to the period from 01-06-2019 to 10-02-2024.
P.K. Kunhalikutty,Kerala,Malappuram,Indian Union Muslim League,Male,Diploma Course,72,25,0,58,0.72,Data corresponds to the period from 01-06-2019 to 10-02-2024.
P.P. Chaudhary,Rajasthan,Pali,Bharatiya Janata Party,Male,Professional Graduate,70,161,16,523,0.95,Data corresponds to the period from 01-06-2019 to 10-02-2024.
P.P. Mohammed Faizal,Lakshadweep,Lakshadweep,Nationalist Congress Party,Male,Professional Post Graduat,48,36,0,245,0.79,Data corresponds to the period from 01-06-2019 to 10-02-2024.
P.R. Natarajan,Tamil Nadu,Coimbatore,Communist Party of India (Marxist),Male,Under Graduate,73,56,0,253,0.86,Data corresponds to the period from 01-06-2019 to 10-02-2024.
P.V. Midhun Reddy,Andhra Pradesh,Rajampet,Yuvajana Sramika Rythu Congress Party,Male,Professional Post Graduat,46,33,2,341,0.68,Data corresponds to the period from 01-06-2019 to 10-02-2024.
Pakauri Lal,Uttar Pradesh,Robertsganj,Apna Dal,Male,Under Matric,71,2,0,0,0.81,Data corresponds to the period from 01-06-2019 to 10-02-2024.
Pallab Lochan Das,Assam,Tezpur,Bharatiya Janata Party,Male,Graduate,45,14,0,133,0.79,Data corresponds to the period from 01-06-2019 to 10-02-2024.
Parbhatbhai Savabhai Patel,Gujarat,Banaskantha,Bharatiya Janata Party,Male,Professional Graduate,75,55,0,360,0.93,Data corresponds to the period from 01-06-2019 to 10-02-2024.
Parvesh Sahib Singh Verma,Delhi,West Delhi,Bharatiya Janata Party,Male,Professional Post Graduat,46,47,12,269,0.95,Data corresponds to the period from 01-06-2019 to 10-02-2024.
Pashupati Nath Singh,Jharkhand,Dhanbad,Bharatiya Janata Party,Male,Graduate,74,19,0,122,0.89,Data corresponds to the period from 01-06-2019 to 10-02-2024.
Patel Hasmukhbhai Somabhai,Gujarat,Ahmedabad East,Bharatiya Janata Party,Male,Diploma Course,63,20,1,147,0.93,Data corresponds to the period from 01-06-2019 to 10-02-2024.
Pinaki Misra,Odisha,Puri,Biju Janata Dal,Male,Professional Graduate,64,46,0,201,0.93,Data corresponds to the period from 01-06-2019 to 10-02-2024.
Pocha. Brahmananda Reddy,Andhra Pradesh,Nandyal,Yuvajana Sramika Rythu Congress Party,Male,Post Graduate,66,22,0,271,0.68,Data corresponds to the period from 01-06-2019 to 10-02-2024.
Poonam Mahajan Alias Poonam Vajen,Maharashtra,Mumbai-North-Central,Bharatiya Janata Party,Female,Graduate,43,7,0,307,0.86,Data corresponds to the period from 01-06-2019 to 10-02-2024.
Poonamben Hematbhai Maadam,Gujarat,Jamnagar,Bharatiya Janata Party,Female,Graduate,49,27,2,289,0.85,Data corresponds to the period from 01-06-2019 to 10-02-2024.
Pradan Baruah,Assam,Lakhimpur,Bharatiya Janata Party,Male,Diploma Course,58,0,0,15,0.85,Data corresponds to the period from 01-06-2019 to 10-02-2024.
Pradeep Kumar,Uttar Pradesh,Kairana,Bharatiya Janata Party,Male,Information Not Available,54,18,0,22,0.93,Data corresponds to the period from 01-06-2019 to 10-02-2024.
Pradeep Kumar Singh,Bihar,Araria,Bharatiya Janata Party,Male,Matric,59,34,0,286,0.96,Data corresponds to the period from 01-06-2019 to 10-02-2024.
Pradyut Bordoloi,Assam,Nawgong,Indian National Congress,Male,Post Graduate,64,31,3,256,0.82,Data corresponds to the period from 01-06-2019 to 10-02-2024.
Prajwal Revanna,Karnataka,Hassan,Janata Dal (Secular),Male,Professional Graduate,33,2,0,89,0.55,Data corresponds to the period from 01-06-2019 to 10-02-2024.
Pramila Bisoyi,Odisha,Aska,Biju Janata Dal,Female,Under Matric,75,8,0,54,0.7,Data corresponds to the period from 01-06-2019 to 10-02-2024.
Prasun Banerjee,West Bengal,Howrah,All India Trinamool Congress,Male,Graduate,68,21,0,82,0.73,Data corresponds to the period from 01-06-2019 to 10-02-2024.
Prataprao Patil Chikhalikar,Maharashtra,Nanded,Bharatiya Janata Party,Male,Inter/ Higher Secondary,62,18,0,153,0.69,Data corresponds to the period from 01-06-2019 to 10-02-2024.
Prathap Simha,Karnataka,Mysore,Bharatiya Janata Party,Male,Post Graduate,47,8,0,355,0.86,Data corresponds to the period from 01-06-2019 to 10-02-2024.
Pratibha Singh,Himachal Pradesh,Mandi,Indian National Congress,Female,Graduate,67,2,0,29,0.71,Data corresponds to the period from 01-06-2019 to 10-02-2024.
Pratima Mondal,West Bengal,Jaynagar,All India Trinamool Congress,Female,Post Graduate,57,87,0,165,0.8,Data corresponds to the period from 01-06-2019 to 10-02-2024.
Pravin Kumar Nishad,Uttar Pradesh,Sant Kabir Nagar,Bharatiya Janata Party,Male,Professional Graduate,35,4,0,17,0.78,Data corresponds to the period from 01-06-2019 to 10-02-2024.
Preneet Kaur,Punjab,Patiala,Indian National Congress,Female,Graduate,79,18,0,27,0.85,Data corresponds to the period from 01-06-2019 to 10-02-2024.
Prince Raj,Bihar,Samastipur,Lok Jan Shakti Party,Male,Post Graduate,34,25,0,15,0.87,Data corresponds to the period from 01-06-2019 to 10-02-2024.
Pritam Gopinath Munde,Maharashtra,Beed,Bharatiya Janata Party,Female,Professional Graduate,40,24,0,501,0.84,Data corresponds to the period from 01-06-2019 to 10-02-2024.
Pushpendra Singh Chandel,Uttar Pradesh,Hamirpur,Bharatiya Janata Party,Male,Post Graduate,50,1261,15,376,0.94,Data corresponds to the period from 01-06-2019 to 10-02-2024.
Queen Oja,Assam,Gauhati,Bharatiya Janata Party,Female,Graduate,73,24,0,155,0.74,Data corresponds to the period from 01-06-2019 to 10-02-2024.
R.K. Singh Patel,Uttar Pradesh,Banda,Bharatiya Janata Party,Male,Graduate,64,37,0,85,0.85,Data corresponds to the period from 01-06-2019 to 10-02-2024.
Radha Mohan Singh,Bihar,Purvi Champaran,Bharatiya Janata Party,Male,Graduate,74,3,0,0,0.82,Data corresponds to the period from 01-06-2019 to 10-02-2024.
Rahul Gandhi,Kerala,Wayanad,Indian National Congress,Male,Post Graduate,53,8,0,99,0.51,Data corresponds to the period from 01-06-2019 to 10-02-2024.
Rahul Kaswan,Rajasthan,Churu,Bharatiya Janata Party,Male,Graduate,47,98,3,277,0.96,Data corresponds to the period from 01-06-2019 to 10-02-2024.
Rahul Ramesh Shewale,Maharashtra,Mumbai-South-Central,Shiv Sena,Male,Diploma Course,50,143,13,531,0.94,Data corresponds to the period from 01-06-2019 to 10-02-2024.
Raja Amareshwara Naik,Karnataka,Raichur,Bharatiya Janata Party,Male,Professional Graduate,66,12,0,571,0.8,Data corresponds to the period from 01-06-2019 to 10-02-2024.
Rajan Baburao Vichare,Maharashtra,Thane,Shiv Sena,Male,Inter/ Higher Secondary,62,26,0,281,0.66,Data corresponds to the period from 01-06-2019 to 10-02-2024.
Rajashree Mallick,Odisha,Jagatsinghpur,Biju Janata Dal,Female,Doctorate,59,14,0,60,0.49,Data corresponds to the period from 01-06-2019 to 10-02-2024.
Rajbahadur Singh,Madhya Pradesh,Sagar,Bharatiya Janata Party,Male,Information Not Available,56,5,0,67,0.87,Data corresponds to the period from 01-06-2019 to 10-02-2024.
Rajdeep Roy,Assam,Silchar,Bharatiya Janata Party,Male,Doctorate,53,36,0,40,0.86,Data corresponds to the period from 01-06-2019 to 10-02-2024.
Rajendra Agrawal,Uttar Pradesh,Meerut,Bharatiya Janata Party,Male,Post Graduate,72,97,6,232,0.97,Data corresponds to the period from 01-06-2019 to 10-02-2024.
Rajendra Dhedya Gavit,Maharashtra,Palghar,Shiv Sena,Male,Graduate,56,31,0,274,0.68,Data corresponds to the period from 01-06-2019 to 10-02-2024.
Rajesh Verma,Uttar Pradesh,Sitapur,Bharatiya Janata Party,Male,Post Graduate,63,22,0,113,0.88,Data corresponds to the period from 01-06-2019 to 10-02-2024.
Rajiv Pratap Rudy,Bihar,Saran,Bharatiya Janata Party,Male,Post Graduate,61,77,7,261,0.98,Data corresponds to the period from 01-06-2019 to 10-02-2024.
Rajiv Ranjan (Lalan) Singh,Bihar,Munger,Janata Dal (United),Male,Graduate,69,37,0,239,0.91,Data corresponds to the period from 01-06-2019 to 10-02-2024.
Rajkumar Chahar,Uttar Pradesh,Fatehpur Sikri,Bharatiya Janata Party,Male,Graduate,56,12,0,60,0.89,Data corresponds to the period from 01-06-2019 to 10-02-2024.
Rajmohan Unnithan,Kerala,Kasaragod,Indian National Congress,Male,Information Not Available,70,52,0,208,0.86,Data corresponds to the period from 01-06-2019 to 10-02-2024.
Raju Bista,West Bengal,Darjeeling,Bharatiya Janata Party,Male,Graduate,38,95,1,221,0.91,Data corresponds to the period from 01-06-2019 to 10-02-2024.
Rajveer Singh (Raju Bhaiya),Uttar Pradesh,Etah,Bharatiya Janata Party,Male,Professional Graduate,64,9,0,265,0.81,Data corresponds to the period from 01-06-2019 to 10-02-2024.
Rajvir Diler,Uttar Pradesh,Hathras,Bharatiya Janata Party,Male,Under Matric,65,7,0,39,0.94,Data corresponds to the period from 01-06-2019 to 10-02-2024.
Rajyavardhan Singh Rathore,Rajasthan,Jaipur Rural,Bharatiya Janata Party,Male,Graduate,54,13,0,167,0.8,Data corresponds to the period from 01-06-2019 to 10-02-2024.
Rakesh Singh,Madhya Pradesh,Jabalpur,Bharatiya Janata Party,Male,Graduate,61,24,4,146,0.84,Data corresponds to the period from 01-06-2019 to 10-02-2024.
Raksha Nikhil Khadase,Maharashtra,Raver,Bharatiya Janata Party,Female,Graduate,36,69,0,400,0.76,Data corresponds to the period from 01-06-2019 to 10-02-2024.
Ram Chandra Paswan,Bihar,Samastipur,Lok Jan Shakti Party,Male,Matric,62,2,0,0,0.76,Data corresponds to the period from 01-06-2019 to 10-02-2024.
Ram Kripal Yadav,Bihar,Pataliputra,Bharatiya Janata Party,Male,Professional Graduate,66,76,0,126,0.9,Data corresponds to the period from 01-06-2019 to 10-02-2024.
Ram Mohan Naidu Kinjarapu,Andhra Pradesh,Srikakulam,Telugu Desam Party,Male,Professional Post Graduat,36,85,3,285,0.84,Data corresponds to the period from 01-06-2019 to 10-02-2024.
Ram Shankar Katheria,Uttar Pradesh,Etawah,Bharatiya Janata Party,Male,Doctorate,59,23,0,137,0.75,Data corresponds to the period from 01-06-2019 to 10-02-2024.
Ram Shiromani,Uttar Pradesh,Shrawasti,Bahujan Samaj Party,Male,Professional Graduate,48,95,0,77,0.97,Data corresponds to the period from 01-06-2019 to 10-02-2024.
Ram Swaroop Sharma,Himachal Pradesh,Mandi,Bharatiya Janata Party,Male,Matric,65,11,0,5,0.98,Data corresponds to the period from 01-06-2019 to 10-02-2024.
Rama Devi,Bihar,Sheohar,Bharatiya Janata Party,Female,Professional Graduate,74,99,10,273,0.99,Data corresponds to the period from 01-06-2019 to 10-02-2024.
Ramakant Bhargava,Madhya Pradesh,Vidisha,Bharatiya Janata Party,Male,Information Not Available,70,10,0,7,0.71,Data corresponds to the period from 01-06-2019 to 10-02-2024.
Ramapati Ram Tripathi,Uttar Pradesh,Deoria,Bharatiya Janata Party,Male,Inter/ Higher Secondary,73,28,4,239,0.93,Data corresponds to the period from 01-06-2019 to 10-02-2024.
Ramcharan Bohara,Rajasthan,Jaipur,Bharatiya Janata Party,Male,Inter/ Higher Secondary,67,86,0,303,0.94,Data corresponds to the period from 01-06-2019 to 10-02-2024.
Ramdas Chandrabhanji Tadas,Maharashtra,Wardha,Bharatiya Janata Party,Male,Under Graduate,70,59,1,349,0.9,Data corresponds to the period from 01-06-2019 to 10-02-2024.
Ramesh Bidhuri,Delhi,South Delhi,Bharatiya Janata Party,Male,Professional Graduate,62,74,2,188,0.94,Data corresponds to the period from 01-06-2019 to 10-02-2024.
Ramesh Chand,Uttar Pradesh,Bhadohi,Bharatiya Janata Party,Male,Professional Graduate,49,6,2,61,0.92,Data corresponds to the period from 01-06-2019 to 10-02-2024.
Ramesh Chandappa Jigajinagi,Karnataka,Bijapur,Bharatiya Janata Party,Male,Post Graduate,71,0,0,0,0.74,Data corresponds to the period from 01-06-2019 to 10-02-2024.
Ramesh Chander Kaushik,Haryana,Sonipat,Bharatiya Janata Party,Male,Professional Graduate,67,10,0,378,1,Data corresponds to the period from 01-06-2019 to 10-02-2024.
Ramesh Chandra Majhi,Odisha,Nabarangpur,Biju Janata Dal,Male,Graduate,45,28,0,120,0.65,Data corresponds to the period from 01-06-2019 to 10-02-2024.
Rameshbhai Lavjibhai Dhaduk,Gujarat,Porbandar,Bharatiya Janata Party,Male,Matric,61,7,0,36,0.76,Data corresponds to the period from 01-06-2019 to 10-02-2024.
Rampreet Mandal,Bihar,Jhanjharpur,Janata Dal (United),Male,Matric,68,21,0,35,0.89,Data corresponds to the period from 01-06-2019 to 10-02-2024.
Ramulu Pothuganti,Telangana,Nagarkurnool,Bharat Rashtra Samithi,Male,Graduate,71,22,0,6,0.81,Data corresponds to the period from 01-06-2019 to 10-02-2024.
Ramya Haridas,Kerala,Alathur,Indian National Congress,Female,Information Not Available,38,54,0,321,0.72,Data corresponds to the period from 01-06-2019 to 10-02-2024.
Ranjanben Bhatt,Gujarat,Vadodara,Bharatiya Janata Party,Female,Inter/ Higher Secondary,62,36,0,271,0.88,Data corresponds to the period from 01-06-2019 to 10-02-2024.
Ranjeeta Koli,Rajasthan,Bharatpur,Bharatiya Janata Party,Female,Under Matric,44,39,3,310,0.95,Data corresponds to the period from 01-06-2019 to 10-02-2024.
Ranjeetsinha Hindurao Naik Nimbal,Maharashtra,Madha,Bharatiya Janata Party,Male,Graduate,46,26,3,405,0.62,Data corresponds to the period from 01-06-2019 to 10-02-2024.
Ratansinh Magansinh Rathod,Gujarat,Panchmahal,Bharatiya Janata Party,Male,Post Graduate,64,16,0,115,0.96,Data corresponds to the period from 01-06-2019 to 10-02-2024.
Rathod Dipsinh Shankarsinh,Gujarat,Sabarkantha,Bharatiya Janata Party,Male,Under Matric,71,9,0,243,0.94,Data corresponds to the period from 01-06-2019 to 10-02-2024.
Rathva Gitaben Vajesingbhai,Gujarat,Chhota Udaipur,Bharatiya Janata Party,Female,Inter/ Higher Secondary,51,29,0,190,0.93,Data corresponds to the period from 01-06-2019 to 10-02-2024.
Ravindra Kushawaha,Uttar Pradesh,Salempur,Bharatiya Janata Party,Male,Inter/ Higher Secondary,61,52,0,425,0.87,Data corresponds to the period from 01-06-2019 to 10-02-2024.
Ravindra Shyamnarayan,Uttar Pradesh,Gorakhpur,Bharatiya Janata Party,Male,Graduate,54,81,10,480,0.68,Data corresponds to the period from 01-06-2019 to 10-02-2024.
Ravneet Singh,Punjab,Ludhiana,Indian National Congress,Male,Graduate,48,56,5,367,0.9,Data corresponds to the period from 01-06-2019 to 10-02-2024.
Rebati Tripura,Tripura,Tripura East,Bharatiya Janata Party,Male,Information Not Available,47,13,0,235,0.91,Data corresponds to the period from 01-06-2019 to 10-02-2024.
Rekha Verma,Uttar Pradesh,Dhaurahra,Bharatiya Janata Party,Female,Inter/ Higher Secondary,50,61,0,92,0.83,Data corresponds to the period from 01-06-2019 to 10-02-2024.
Rita Bahuguna Joshi,Uttar Pradesh,Allahabad,Bharatiya Janata Party,Female,Information Not Available,74,28,0,310,0.76,Data corresponds to the period from 01-06-2019 to 10-02-2024.
Ritesh Pandey,Uttar Pradesh,Ambedkar Nagar,Bahujan Samaj Party,Male,Graduate,42,137,4,235,0.93,Data corresponds to the period from 01-06-2019 to 10-02-2024.
Riti Pathak,Madhya Pradesh,Sidhi,Bharatiya Janata Party,Female,Post Graduate,46,60,4,278,0.97,Data corresponds to the period from 01-06-2019 to 10-02-2024.
Rodmal Nagar,Madhya Pradesh,Rajgarh,Bharatiya Janata Party,Male,Graduate,63,29,0,209,0.89,Data corresponds to the period from 01-06-2019 to 10-02-2024.
S. Gnanathiraviam,Tamil Nadu,Tirunelveli,Dravida Munnetra Kazhagam,Male,Information Not Available,59,25,0,251,0.64,Data corresponds to the period from 01-06-2019 to 10-02-2024.
S. Jagathrakshakan,Tamil Nadu,Arakkonam,Dravida Munnetra Kazhagam,Male,Inter/ Higher Secondary,76,18,0,272,0.36,Data corresponds to the period from 01-06-2019 to 10-02-2024.
S. Jothimani,Tamil Nadu,Karur,Indian National Congress,Female,Post Graduate,48,42,2,201,0.74,Data corresponds to the period from 01-06-2019 to 10-02-2024.
S. Muniswamy,Karnataka,Kolar,Bharatiya Janata Party,Male,Graduate,48,24,0,252,0.73,Data corresponds to the period from 01-06-2019 to 10-02-2024.
S. Ramalingam,Tamil Nadu,Mayiladuthurai,Dravida Munnetra Kazhagam,Male,Information Not Available,80,16,0,148,0.73,Data corresponds to the period from 01-06-2019 to 10-02-2024.
S. Venkatesan,Tamil Nadu,Madurai,Communist Party of India (Marxist),Male,Information Not Available,53,33,0,256,0.73,Data corresponds to the period from 01-06-2019 to 10-02-2024.
S.R. Parthiban,Tamil Nadu,Salem,Dravida Munnetra Kazhagam,Male,Information Not Available,54,42,0,286,0.88,Data corresponds to the period from 01-06-2019 to 10-02-2024.
S.S. Ahluwalia,West Bengal,Bardhaman-Durgapur,Bharatiya Janata Party,Male,Professional Graduate,72,12,0,0,0.77,Data corresponds to the period from 01-06-2019 to 10-02-2024.
S.S. Palanimanickam,Tamil Nadu,Thanjavur,Dravida Munnetra Kazhagam,Male,Professional Graduate,73,7,0,0,0.51,Data corresponds to the period from 01-06-2019 to 10-02-2024.
S.T. Hasan,Uttar Pradesh,Moradabad,Samajwadi Party,Male,Information Not Available,65,55,0,13,0.86,Data corresponds to the period from 01-06-2019 to 10-02-2024.
Sadashiv Kisan Lokhande,Maharashtra,Shirdi,Shiv Sena,Male,Inter/ Higher Secondary,61,7,0,181,0.7,Data corresponds to the period from 01-06-2019 to 10-02-2024.
Sadhvi Pragya Singh Thakur,Madhya Pradesh,Bhopal,Bharatiya Janata Party,Female,Information Not Available,54,19,0,36,0.66,Data corresponds to the period from 01-06-2019 to 10-02-2024.
Sajda Ahmed,West Bengal,Uluberia,All India Trinamool Congress,Female,Graduate,61,11,0,184,0.58,Data corresponds to the period from 01-06-2019 to 10-02-2024.
Sambhajirao Mane Dhairyasheel,Maharashtra,Hatkanangle,Shiv Sena,Male,Graduate,43,30,3,517,0.77,Data corresponds to the period from 01-06-2019 to 10-02-2024.
Sandhya Ray,Madhya Pradesh,Bhind,Bharatiya Janata Party,Female,Information Not Available,50,24,0,139,0.94,Data corresponds to the period from 01-06-2019 to 10-02-2024.
Sangam Lal Gupta,Uttar Pradesh,Pratapgarh,Bharatiya Janata Party,Male,Information Not Available,52,52,0,384,0.88,Data corresponds to the period from 01-06-2019 to 10-02-2024.
Sangeeta Azad,Uttar Pradesh,Lalganj,Bahujan Samaj Party,Female,Information Not Available,42,67,0,93,0.85,Data corresponds to the period from 01-06-2019 to 10-02-2024.
Sangeeta Kumari Singh Deo,Odisha,Bolangir,Bharatiya Janata Party,Female,Graduate,62,49,1,502,0.92,Data corresponds to the period from 01-06-2019 to 10-02-2024.
Sanghamitra Maurya,Uttar Pradesh,Badaun,Bharatiya Janata Party,Female,Information Not Available,39,57,0,86,0.98,Data corresponds to the period from 01-06-2019 to 10-02-2024.
Sanjay (Bandu) Haribhau Jadhav,Maharashtra,Parbhani,Shiv Sena,Male,Matric,56,12,0,346,0.49,Data corresponds to the period from 01-06-2019 to 10-02-2024.
Sanjay Bhatia,Haryana,Karnal,Bharatiya Janata Party,Male,Graduate,56,15,3,194,0.8,Data corresponds to the period from 01-06-2019 to 10-02-2024.
Sanjay Jaiswal,Bihar,Paschim Champaran,Bharatiya Janata Party,Male,Professional Post Graduat,58,94,9,195,0.78,Data corresponds to the period from 01-06-2019 to 10-02-2024.
Sanjay Kumar Bandi,Telangana,Karimnagar,Bharatiya Janata Party,Male,Post Graduate,52,6,0,57,0.74,Data corresponds to the period from 01-06-2019 to 10-02-2024.
Sanjay Sadashivrao Mandlik,Maharashtra,Kolhapur,Shiv Sena,Male,Information Not Available,59,6,0,605,0.63,Data corresponds to the period from 01-06-2019 to 10-02-2024.
Sanjay Seth,Jharkhand,Ranchi,Bharatiya Janata Party,Male,Information not available,64,77,0,211,0.87,Data corresponds to the period from 01-06-2019 to 10-02-2024.
Sanjaykaka Patil,Maharashtra,Sangli,Bharatiya Janata Party,Male,Inter/ Higher Secondary,59,9,0,302,0.48,Data corresponds to the period from 01-06-2019 to 10-02-2024.
Sanjeev Kumar Ayushman,Andhra Pradesh,Kurnool,Yuvajana Sramika Rythu Congress Party,Male,Doctorate,57,19,6,243,0.68,Data corresponds to the period from 01-06-2019 to 10-02-2024.
Santokh Singh Chaudhary,Punjab,Jalandhar,Indian National Congress,Male,Professional Graduate,77,19,2,45,0.82,Data corresponds to the period from 01-06-2019 to 10-02-2024.
Santosh Kumar,Bihar,Purnia,Janata Dal (United),Male,Inter/ Higher Secondary,48,26,0,128,0.81,Data corresponds to the period from 01-06-2019 to 10-02-2024.
Santosh Pandey,Chhattisgarh,Rajnandgaon,Bharatiya Janata Party,Male,Information Not Available,56,41,0,106,0.8,Data corresponds to the period from 01-06-2019 to 10-02-2024.
Saptagiri Sankar Ulaka,Odisha,Koraput,Indian National Congress,Male,Professional Graduate,45,124,2,240,0.9,Data corresponds to the period from 01-06-2019 to 10-02-2024.
Sarmistha Sethi,Odisha,Jajpur,Biju Janata Dal,Female,Information Not Available,50,32,0,214,0.58,Data corresponds to the period from 01-06-2019 to 10-02-2024.
Satabdi Roy,West Bengal,Birbhum,All India Trinamool Congress,Female,Graduate,54,24,0,1,0.77,Data corresponds to the period from 01-06-2019 to 10-02-2024.
Satish Kumar,Uttar Pradesh,Aligarh,Bharatiya Janata Party,Male,Matric,51,8,0,0,0.89,Data corresponds to the period from 01-06-2019 to 10-02-2024.
Satya Pal Singh,Uttar Pradesh,Baghpat,Bharatiya Janata Party,Male,Doctorate,68,50,2,18,0.97,Data corresponds to the period from 01-06-2019 to 10-02-2024.
Satyadev Pachauri,Uttar Pradesh,Kanpur,Bharatiya Janata Party,Male,Information Not Available,76,24,0,172,0.91,Data corresponds to the period from 01-06-2019 to 10-02-2024.
Saugata Roy,West Bengal,Dum Dum,All India Trinamool Congress,Male,Post Graduate,76,195,3,350,0.82,Data corresponds to the period from 01-06-2019 to 10-02-2024.
Saumitra Khan,West Bengal,Bishnupur,Bharatiya Janata Party,Male,Matric,43,27,0,120,0.78,Data corresponds to the period from 01-06-2019 to 10-02-2024.
Shafiqur Rahman Barq,Uttar Pradesh,Sambhal,Samajwadi Party,Male,Graduate,93,14,0,1,0.92,Data corresponds to the period from 01-06-2019 to 10-02-2024.
Shankar Lalwani,Madhya Pradesh,Indore,Bharatiya Janata Party,Male,Information Not Available,62,41,0,213,0.96,Data corresponds to the period from 01-06-2019 to 10-02-2024.
Shardaben Anilbhai Patel,Gujarat,Mahesana,Bharatiya Janata Party,Female,Under Graduate,75,31,0,215,0.95,Data corresponds to the period from 01-06-2019 to 10-02-2024.
Shashi Tharoor,Kerala,Thiruvananthapuram,Indian National Congress,Male,Doctorate,67,101,13,275,0.93,Data corresponds to the period from 01-06-2019 to 10-02-2024.
Shatrughan Sinha,West Bengal,Asansol,All India Trinamool Congress,Male,Graduate,77,0,0,0,0.63,Data corresponds to the period from 01-06-2019 to 10-02-2024.
Shrikant Eknath Shinde,Maharashtra,Kalyan,Shiv Sena,Male,Professional Post Graduat,37,116,12,574,0.8,Data corresponds to the period from 01-06-2019 to 10-02-2024.
Shrimant Chh. Udyanraje Pratapsin,Maharashtra,Satara,Bharatiya Janata Party,Male,Diploma Course,57,0,0,0,0.16,Data corresponds to the period from 01-06-2019 to 10-02-2024.
Shriniwas Dadasaheb Patil,Maharashtra,Satara,Nationalist Congress Party,Male,Post Graduate,82,36,0,230,0.75,Data corresponds to the period from 01-06-2019 to 10-02-2024.
Shrirang Appa Barne,Maharashtra,Maval,Shiv Sena,Male,Matric,59,167,13,635,0.94,Data corresponds to the period from 01-06-2019 to 10-02-2024.
Shyam Singh Yadav,Uttar Pradesh,Jaunpur,Bahujan Samaj Party,Male,Post Graduate,69,53,5,196,0.97,Data corresponds to the period from 01-06-2019 to 10-02-2024.
Simranjit Singh Mann,Punjab,Sangrur,Shiromani Akali Dal,Male,Graduate,78,10,0,0,0.85,Data corresponds to the period from 01-06-2019 to 10-02-2024.
Sisir Kumar Adhikari,West Bengal,Kanthi,All India Trinamool Congress,Male,Inter/ Higher Secondary,82,4,0,206,0.19,Data corresponds to the period from 01-06-2019 to 10-02-2024.
Sonia Gandhi,Uttar Pradesh,Rae Bareli,Indian National Congress,Female,Diploma Course,77,6,0,0,0.49,Data corresponds to the period from 01-06-2019 to 10-02-2024.
Soyam Bapu Rao,Telangana,Adilabad,Bharatiya Janata Party,Male,Inter/ Higher Secondary,54,10,0,29,0.84,Data corresponds to the period from 01-06-2019 to 10-02-2024.
Sridhar Kotagiri,Andhra Pradesh,Eluru,Yuvajana Sramika Rythu Congress Party,Male,Graduate,50,25,0,312,0.76,Data corresponds to the period from 01-06-2019 to 10-02-2024.
Su Thirunavukkarasar,Tamil Nadu,Tiruchirappalli,Indian National Congress,Male,Post Graduate,74,37,2,358,0.68,Data corresponds to the period from 01-06-2019 to 10-02-2024.
Subhash Baheria,Rajasthan,Bhilwara,Bharatiya Janata Party,Male,Graduate,67,85,0,29,0.97,Data corresponds to the period from 01-06-2019 to 10-02-2024.
Subhash Ramrao Bhamre,Maharashtra,Dhule,Bharatiya Janata Party,Male,Professional Post Graduat,70,19,0,605,0.82,Data corresponds to the period from 01-06-2019 to 10-02-2024.
Subrata Pathak,Uttar Pradesh,Kannauj,Bharatiya Janata Party,Male,Graduate,44,14,2,255,0.79,Data corresponds to the period from 01-06-2019 to 10-02-2024.
Sudarshan Bhagat,Jharkhand,Lohardaga,Bharatiya Janata Party,Male,Graduate,54,31,0,107,0.94,Data corresponds to the period from 01-06-2019 to 10-02-2024.
Sudhakar Tukaram Shrangre,Maharashtra,Latur,Bharatiya Janata Party,Male,Inter/ Higher Secondary,61,68,3,513,0.86,Data corresponds to the period from 01-06-2019 to 10-02-2024.
Sudhir Gupta,Madhya Pradesh,Mandsour,Bharatiya Janata Party,Male,Post Graduate,64,60,6,635,0.88,Data corresponds to the period from 01-06-2019 to 10-02-2024.
Sudip Bandyopadhyay,West Bengal,Kolkata Uttar,All India Trinamool Congress,Male,Graduate,75,44,0,0,0.73,Data corresponds to the period from 01-06-2019 to 10-02-2024.
Sujay Radhakrishna Vikhepatil,Maharashtra,Ahmednagar,Bharatiya Janata Party,Male,Professional Graduate,42,105,6,508,0.76,Data corresponds to the period from 01-06-2019 to 10-02-2024.
Sukanta Majumdar,West Bengal,Balurghat,Bharatiya Janata Party,Male,Doctorate,44,47,7,654,0.73,Data corresponds to the period from 01-06-2019 to 10-02-2024.
Sukhbir Singh Badal,Punjab,Ferozpur,Shiromani Akali Dal,Male,Information Not Available,61,7,0,34,0.2,Data corresponds to the period from 01-06-2019 to 10-02-2024.
Sukhbir Singh Jaunapuria,Rajasthan,Tonk-Sawai Madhopur,Bharatiya Janata Party,Male,Graduate,66,24,0,182,0.95,Data corresponds to the period from 01-06-2019 to 10-02-2024.
Sumalatha Ambareesh,Karnataka,Mandya,Independent,Female,Inter/ Higher Secondary,60,24,0,210,0.64,Data corresponds to the period from 01-06-2019 to 10-02-2024.
Sumathy Thamizhachi Thangapandian,Tamil Nadu,Chennai South,Dravida Munnetra Kazhagam,Female,Doctorate,61,63,8,292,0.79,Data corresponds to the period from 01-06-2019 to 10-02-2024.
Sumedhanand Saraswati,Rajasthan,Sikar,Bharatiya Janata Party,Male,Post Graduate,72,72,0,456,0.92,Data corresponds to the period from 01-06-2019 to 10-02-2024.
Sunil Baburao Mendhe,Maharashtra,Bhandara-Gondiya,Bharatiya Janata Party,Male,Information Not Available,55,25,0,249,0.9,Data corresponds to the period from 01-06-2019 to 10-02-2024.
Sunil Kumar,Bihar,Valmiki Nagar,Janata Dal (United),Male,Graduate,39,18,0,53,0.91,Data corresponds to the period from 01-06-2019 to 10-02-2024.
Sunil Kumar Mondal,West Bengal,Bardhaman Purba,All India Trinamool Congress,Male,Professional Graduate,65,20,0,195,0.81,Data corresponds to the period from 01-06-2019 to 10-02-2024.
Sunil Kumar Pintu,Bihar,Sitamarhi,Janata Dal (United),Male,Graduate,62,43,0,246,0.86,Data corresponds to the period from 01-06-2019 to 10-02-2024.
Sunil Kumar Singh,Jharkhand,Chatra,Bharatiya Janata Party,Male,Professional Post Graduat,62,67,13,425,0.93,Data corresponds to the period from 01-06-2019 to 10-02-2024.
Sunil Kumar Soni,Chhattisgarh,Raipur,Bharatiya Janata Party,Male,Information Not Available,62,29,0,158,0.96,Data corresponds to the period from 01-06-2019 to 10-02-2024.
Sunil Soren,Jharkhand,Dumka,Bharatiya Janata Party,Male,Information Not Available,51,10,0,0,0.92,Data corresponds to the period from 01-06-2019 to 10-02-2024.
Sunita Duggal,Haryana,Sirsa,Bharatiya Janata Party,Female,Post Graduate,55,58,1,164,1,Data corresponds to the period from 01-06-2019 to 10-02-2024.
Supriya Sule,Maharashtra,Baramati,Nationalist Congress Party,Female,Graduate,54,250,16,629,0.93,Data corresponds to the period from 01-06-2019 to 10-02-2024.
Suresh Kodikunnil,Kerala,Mavelikkara (SC),Indian National Congress,Male,Professional Graduate,61,124,8,304,0.87,Data corresponds to the period from 01-06-2019 to 10-02-2024.
Suresh Kumar Kashyap,Himachal Pradesh,Shimla,Bharatiya Janata Party,Male,Post Graduate,52,16,0,63,0.8,Data corresponds to the period from 01-06-2019 to 10-02-2024.
Suresh Nandigam,Andhra Pradesh,Bapatla,Yuvajana Sramika Rythu Congress Party,Male,Matric,47,2,0,8,0.35,Data corresponds to the period from 01-06-2019 to 10-02-2024.
Suresh Pujari,Odisha,Bargarh,Bharatiya Janata Party,Male,Information Not Available,63,43,0,31,0.92,Data corresponds to the period from 01-06-2019 to 10-02-2024.
Sushil Kumar Rinku,Punjab,Jalandhar,Aam Aadmi Party,Male,Inter/ Higher Secondary,,7,0,19,0.64,Data corresponds to the period from 01-06-2019 to 10-02-2024.
Sushil Kumar Singh,Bihar,Aurangabad,Bharatiya Janata Party,Male,Post Graduate,60,87,5,204,0.95,Data corresponds to the period from 01-06-2019 to 10-02-2024.
Swami Sachchidanand Hari Sakshi,Uttar Pradesh,Unnao,Bharatiya Janata Party,Male,Doctorate,68,1,0,25,0.93,Data corresponds to the period from 01-06-2019 to 10-02-2024.
T.N. Prathapan,Kerala,Thrissur,Indian National Congress,Male,Pre degree (12th pass),63,67,1,312,0.82,Data corresponds to the period from 01-06-2019 to 10-02-2024.
T.R. Paarivendhar,Tamil Nadu,Perambalur,Dravida Munnetra Kazhagam,Male,Doctorate,82,40,2,268,0.62,Data corresponds to the period from 01-06-2019 to 10-02-2024.
T.R.V.S. Ramesh,Tamil Nadu,Cuddalore,Dravida Munnetra Kazhagam,Male,Information Not Available,53,5,0,183,0.43,Data corresponds to the period from 01-06-2019 to 10-02-2024.
Talari Rangaiah,Andhra Pradesh,Anantapur,Yuvajana Sramika Rythu Congress Party,Male,Post Graduate,53,22,1,215,0.85,Data corresponds to the period from 01-06-2019 to 10-02-2024.
Tapir Gao,Arunachal Pradesh,Arunachal East,Bharatiya Janata Party,Male,Post Graduate,59,42,0,102,0.93,Data corresponds to the period from 01-06-2019 to 10-02-2024.
Tatkare Sunil Dattatray,Maharashtra,Raigad,Nationalist Congress Party,Male,Information Not Available,68,42,0,527,0.66,Data corresponds to the period from 01-06-2019 to 10-02-2024.
Thalikkottai Rajuthevar Baalu,Tamil Nadu,Sriperumbudur,Dravida Munnetra Kazhagam,Male,Graduate,82,58,0,225,0.85,Data corresponds to the period from 01-06-2019 to 10-02-2024.
Thirumaa Valavan Thol,Tamil Nadu,Chidambaram,Viduthalai Chiruthaigal Katchi,Male,Post Graduate,61,69,6,157,0.7,Data corresponds to the period from 01-06-2019 to 10-02-2024.
Thomas Chazhikadan,Kerala,Kottayam,Kerala Congress (M),Male,Graduate,71,76,3,211,0.8,Data corresponds to the period from 01-06-2019 to 10-02-2024.
Tirath Singh Rawat,Uttarakhand,Garhwal,Bharatiya Janata Party,Male,Post Graduate,59,44,4,63,0.92,Data corresponds to the period from 01-06-2019 to 10-02-2024.
Tokheho,Nagaland,Nagaland,Nationalist Democratic Progressive Party,Male,Information not available,67,7,0,56,0.56,Data corresponds to the period from 01-06-2019 to 10-02-2024.
Topon Kumar Gogoi,Assam,Jorhat,Bharatiya Janata Party,Male,Post Graduate,54,11,0,9,0.82,Data corresponds to the period from 01-06-2019 to 10-02-2024.
Udasi Shivkumar Chanabasappa,Karnataka,Haveri,Bharatiya Janata Party,Male,Professional Graduate,56,62,0,222,0.89,Data corresponds to the period from 01-06-2019 to 10-02-2024.
Uday Pratap Singh,Madhya Pradesh,Hoshangabad,Bharatiya Janata Party,Male,Graduate,59,96,0,186,0.89,Data corresponds to the period from 01-06-2019 to 10-02-2024.
Umesh G. Jadhav,Karnataka,Gulbarga,Bharatiya Janata Party,Male,Professional Graduate,64,67,0,407,0.89,Data corresponds to the period from 01-06-2019 to 10-02-2024.
Unmesh Bhaiyyasaheb Patil,Maharashtra,Jalgaon,Bharatiya Janata Party,Male,Graduate,45,133,8,457,0.77,Data corresponds to the period from 01-06-2019 to 10-02-2024.
Upendra Singh Rawat,Uttar Pradesh,Barabanki,Bharatiya Janata Party,Male,Information Not Available,55,7,0,212,0.86,Data corresponds to the period from 01-06-2019 to 10-02-2024.
Uttam Kumar Nalamada Reddy,Telangana,Nalgonda,Indian National Congress,Male,Graduate,61,18,0,187,0.85,Data corresponds to the period from 01-06-2019 to 10-02-2024.
V. Kalanidhi,Tamil Nadu,Chennai North,Dravida Munnetra Kazhagam,Male,Doctorate,54,59,3,295,0.83,Data corresponds to the period from 01-06-2019 to 10-02-2024.
V. Srinivas Prasad,Karnataka,Chamrajanagar,Bharatiya Janata Party,Male,Post Graduate,76,0,0,2,0.33,Data corresponds to the period from 01-06-2019 to 10-02-2024.
V.K. Sreekandan,Kerala,Palakkad,Indian National Congress,Male,Graduate,53,63,9,294,0.93,Data corresponds to the period from 01-06-2019 to 10-02-2024.
Vasava Parbhubhai Nagarbhai,Gujarat,Bardoli,Bharatiya Janata Party,Male,Diploma Course,53,22,0,99,0.81,Data corresponds to the period from 01-06-2019 to 10-02-2024.
Ve. Vaithilingam,Puducherry,Puducherry,Indian National Congress,Male,Information Not Available,73,28,0,63,0.7,Data corresponds to the period from 01-06-2019 to 10-02-2024.
Veena Devi,Bihar,Vaishali,Lok Jan Shakti Party,Female,Matric,56,24,0,109,0.95,Data corresponds to the period from 01-06-2019 to 10-02-2024.
Venkatesh Netha Borlakunta,Telangana,Peddapalle,Bharat Rashtra Samithi,Male,Doctorate,47,5,0,240,0.61,Data corresponds to the period from 01-06-2019 to 10-02-2024.
Vijay Baghel,Chhattisgarh,Durg,Bharatiya Janata Party,Male,Graduate,64,27,0,277,0.86,Data corresponds to the period from 01-06-2019 to 10-02-2024.
Vijay Kumar,Bihar,Gaya,Janata Dal (United),Male,Inter/ Higher Secondary,38,20,0,142,0.84,Data corresponds to the period from 01-06-2019 to 10-02-2024.
Vijay Kumar Dubey,Uttar Pradesh,Kushi Nagar,Bharatiya Janata Party,Male,Information Not Available,63,21,0,216,0.78,Data corresponds to the period from 01-06-2019 to 10-02-2024.
Vijay Kumar Hansdak,Jharkhand,Rajmahal,Jharkhand Mukti Morcha,Male,Under Matric,41,15,0,27,0.65,Data corresponds to the period from 01-06-2019 to 10-02-2024.
Vijayakumar alias Vijay Vasanth,Tamil Nadu,Kanniyakumari,Indian National Congress,Male,Information Not Available,,21,0,194,0.88,Data corresponds to the period from 01-06-2019 to 10-02-2024.
Vinayak Bhaurao Raut,Maharashtra,Ratnagiri-Sindhudurg,Shiv Sena,Male,Post Graduate,69,108,2,469,0.73,Data corresponds to the period from 01-06-2019 to 10-02-2024.
Vincent H Pala,Meghalaya,Shillong,Indian National Congress,Male,Professional Graduate,56,17,2,235,0.79,Data corresponds to the period from 01-06-2019 to 10-02-2024.
Vinod Kumar Sonkar,Uttar Pradesh,Kaushambi,Bharatiya Janata Party,Male,Graduate,53,51,3,573,0.76,Data corresponds to the period from 01-06-2019 to 10-02-2024.
Virendra Singh,Uttar Pradesh,Ballia,Bharatiya Janata Party,Male,Graduate,67,27,0,0,0.91,Data corresponds to the period from 01-06-2019 to 10-02-2024.
Vishnu Dayal Ram,Jharkhand,Palamu,Bharatiya Janata Party,Male,Graduate,72,79,7,317,0.89,Data corresponds to the period from 01-06-2019 to 10-02-2024.
Vishnu Dutt Sharma,Madhya Pradesh,Khajuraho,Bharatiya Janata Party,Male,Information Not Available,53,16,0,217,0.6,Data corresponds to the period from 01-06-2019 to 10-02-2024.
Vivek Narayan Shejwalkar,Madhya Pradesh,Gwalior,Bharatiya Janata Party,Male,Information Not Available,76,48,0,183,0.97,Data corresponds to the period from 01-06-2019 to 10-02-2024.
Y. Devendrappa,Karnataka,Bellary,Bharatiya Janata Party,Male,Under Matric,72,10,0,120,0.81,Data corresponds to the period from 01-06-2019 to 10-02-2024.
Y.S. Avinash Reddy,Andhra Pradesh,Kadapa,Yuvajana Sramika Rythu Congress Party,Male,Professional Post Graduat,39,1,0,365,0.42,Data corresponds to the period from 01-06-2019 to 10-02-2024.
